{"frames": {

"1":
{
	"frame": {"x":2,"y":2,"w":8,"h":8},
	"rotated": false,
	"trimmed": false,
	"spriteSourceSize": {"x":0,"y":0,"w":8,"h":8},
	"sourceSize": {"w":8,"h":8}
},
"10":
{
	"frame": {"x":12,"y":2,"w":8,"h":8},
	"rotated": false,
	"trimmed": false,
	"spriteSourceSize": {"x":0,"y":0,"w":8,"h":8},
	"sourceSize": {"w":8,"h":8}
},
"11":
{
	"frame": {"x":22,"y":2,"w":8,"h":8},
	"rotated": false,
	"trimmed": false,
	"spriteSourceSize": {"x":0,"y":0,"w":8,"h":8},
	"sourceSize": {"w":8,"h":8}
},
"12":
{
	"frame": {"x":32,"y":2,"w":8,"h":8},
	"rotated": false,
	"trimmed": false,
	"spriteSourceSize": {"x":0,"y":0,"w":8,"h":8},
	"sourceSize": {"w":8,"h":8}
},
"2":
{
	"frame": {"x":82,"y":2,"w":7,"h":8},
	"rotated": false,
	"trimmed": true,
	"spriteSourceSize": {"x":1,"y":0,"w":7,"h":8},
	"sourceSize": {"w":8,"h":8}
},
"3":
{
	"frame": {"x":100,"y":2,"w":2,"h":8},
	"rotated": false,
	"trimmed": true,
	"spriteSourceSize": {"x":3,"y":0,"w":2,"h":8},
	"sourceSize": {"w":8,"h":8}
},
"4":
{
	"frame": {"x":91,"y":2,"w":7,"h":8},
	"rotated": false,
	"trimmed": true,
	"spriteSourceSize": {"x":0,"y":0,"w":7,"h":8},
	"sourceSize": {"w":8,"h":8}
},
"5":
{
	"frame": {"x":2,"y":2,"w":8,"h":8},
	"rotated": false,
	"trimmed": false,
	"spriteSourceSize": {"x":0,"y":0,"w":8,"h":8},
	"sourceSize": {"w":8,"h":8}
},
"6":
{
	"frame": {"x":42,"y":2,"w":8,"h":8},
	"rotated": false,
	"trimmed": false,
	"spriteSourceSize": {"x":0,"y":0,"w":8,"h":8},
	"sourceSize": {"w":8,"h":8}
},
"7":
{
	"frame": {"x":52,"y":2,"w":8,"h":8},
	"rotated": false,
	"trimmed": false,
	"spriteSourceSize": {"x":0,"y":0,"w":8,"h":8},
	"sourceSize": {"w":8,"h":8}
},
"8":
{
	"frame": {"x":62,"y":2,"w":8,"h":8},
	"rotated": false,
	"trimmed": false,
	"spriteSourceSize": {"x":0,"y":0,"w":8,"h":8},
	"sourceSize": {"w":8,"h":8}
},
"9":
{
	"frame": {"x":72,"y":2,"w":8,"h":8},
	"rotated": false,
	"trimmed": false,
	"spriteSourceSize": {"x":0,"y":0,"w":8,"h":8},
	"sourceSize": {"w":8,"h":8}
}},
"meta": {
	"app": "http://www.codeandweb.com/texturepacker",
	"version": "1.0",
	"image": "coin.png",
	"format": "RGBA8888",
	"size": {"w":104,"h":12},
	"scale": "1",
	"smartupdate": "$TexturePacker:SmartUpdate:15d2490d5b7e1e49e729ef9d57595eb1:ff1a9a951ca940a1cd83d0805166c4c6:37dcde439de7f7292f96409a4c62c08e$"
}
}
