{"frames": {

"1":
{
	"frame": {"x":2,"y":2,"w":9,"h":9},
	"rotated": false,
	"trimmed": false,
	"spriteSourceSize": {"x":0,"y":0,"w":9,"h":9},
	"sourceSize": {"w":9,"h":9}
},
"2":
{
	"frame": {"x":13,"y":2,"w":9,"h":9},
	"rotated": false,
	"trimmed": false,
	"spriteSourceSize": {"x":0,"y":0,"w":9,"h":9},
	"sourceSize": {"w":9,"h":9}
}},
"meta": {
	"app": "http://www.codeandweb.com/texturepacker",
	"version": "1.0",
	"image": "firefly.png",
	"format": "RGBA8888",
	"size": {"w":24,"h":13},
	"scale": "1",
	"smartupdate": "$TexturePacker:SmartUpdate:c9fd73b5fd66752772125fa6046eaa20:82fcf83819d9c0dcdb3d5e82a34308dd:60d3275844f6a92aa0fb39af5d32ce4f$"
}
}
