{"frames": {

"Hit01":
{
	"frame": {"x":54,"y":2,"w":14,"h":12},
	"rotated": false,
	"trimmed": true,
	"spriteSourceSize": {"x":1,"y":4,"w":14,"h":12},
	"sourceSize": {"w":16,"h":16}
},
"Hit02":
{
	"frame": {"x":84,"y":2,"w":10,"h":10},
	"rotated": false,
	"trimmed": true,
	"spriteSourceSize": {"x":3,"y":3,"w":10,"h":10},
	"sourceSize": {"w":16,"h":16}
},
"Hit03":
{
	"frame": {"x":38,"y":2,"w":14,"h":14},
	"rotated": false,
	"trimmed": true,
	"spriteSourceSize": {"x":1,"y":1,"w":14,"h":14},
	"sourceSize": {"w":16,"h":16}
},
"Hit04":
{
	"frame": {"x":2,"y":2,"w":16,"h":16},
	"rotated": false,
	"trimmed": false,
	"spriteSourceSize": {"x":0,"y":0,"w":16,"h":16},
	"sourceSize": {"w":16,"h":16}
},
"Hit05":
{
	"frame": {"x":20,"y":2,"w":16,"h":16},
	"rotated": false,
	"trimmed": false,
	"spriteSourceSize": {"x":0,"y":0,"w":16,"h":16},
	"sourceSize": {"w":16,"h":16}
},
"Move01":
{
	"frame": {"x":70,"y":2,"w":12,"h":12},
	"rotated": false,
	"trimmed": true,
	"spriteSourceSize": {"x":2,"y":4,"w":12,"h":12},
	"sourceSize": {"w":16,"h":16}
},
"Move02":
{
	"frame": {"x":38,"y":18,"w":13,"h":11},
	"rotated": false,
	"trimmed": true,
	"spriteSourceSize": {"x":1,"y":2,"w":13,"h":11},
	"sourceSize": {"w":16,"h":16}
},
"Move03":
{
	"frame": {"x":67,"y":16,"w":13,"h":12},
	"rotated": false,
	"trimmed": true,
	"spriteSourceSize": {"x":1,"y":3,"w":13,"h":12},
	"sourceSize": {"w":16,"h":16}
},
"Move04":
{
	"frame": {"x":70,"y":2,"w":12,"h":12},
	"rotated": false,
	"trimmed": true,
	"spriteSourceSize": {"x":2,"y":4,"w":12,"h":12},
	"sourceSize": {"w":16,"h":16}
},
"Move05":
{
	"frame": {"x":53,"y":18,"w":12,"h":11},
	"rotated": false,
	"trimmed": true,
	"spriteSourceSize": {"x":2,"y":2,"w":12,"h":11},
	"sourceSize": {"w":16,"h":16}
},
"Move06":
{
	"frame": {"x":82,"y":16,"w":12,"h":12},
	"rotated": false,
	"trimmed": true,
	"spriteSourceSize": {"x":2,"y":3,"w":12,"h":12},
	"sourceSize": {"w":16,"h":16}
}},
"meta": {
	"app": "http://www.codeandweb.com/texturepacker",
	"version": "1.0",
	"image": "patrol.png",
	"format": "RGBA8888",
	"size": {"w":96,"h":31},
	"scale": "1",
	"smartupdate": "$TexturePacker:SmartUpdate:7c62560ad407ba6a44aa1a0ac748ff92:f328de09c8eaf59cdabe72c1fea16219:350936d5dc64ec5e7c2a5c66f2eb433e$"
}
}
