{"frames": {

"Fall":
{
	"frame": {"x":54,"y":2,"w":11,"h":14},
	"rotated": false,
	"trimmed": true,
	"spriteSourceSize": {"x":0,"y":3,"w":11,"h":14},
	"sourceSize": {"w":12,"h":18}
},
"Hit01":
{
	"frame": {"x":132,"y":2,"w":10,"h":14},
	"rotated": false,
	"trimmed": true,
	"spriteSourceSize": {"x":3,"y":4,"w":10,"h":14},
	"sourceSize": {"w":16,"h":18}
},
"Hit02":
{
	"frame": {"x":2,"y":20,"w":10,"h":10},
	"rotated": false,
	"trimmed": true,
	"spriteSourceSize": {"x":3,"y":6,"w":10,"h":10},
	"sourceSize": {"w":16,"h":18}
},
"Hit03":
{
	"frame": {"x":38,"y":2,"w":14,"h":14},
	"rotated": false,
	"trimmed": true,
	"spriteSourceSize": {"x":1,"y":4,"w":14,"h":14},
	"sourceSize": {"w":16,"h":18}
},
"Hit04":
{
	"frame": {"x":2,"y":2,"w":16,"h":16},
	"rotated": false,
	"trimmed": true,
	"spriteSourceSize": {"x":0,"y":3,"w":16,"h":16},
	"sourceSize": {"w":16,"h":19}
},
"Hit05":
{
	"frame": {"x":20,"y":2,"w":16,"h":16},
	"rotated": false,
	"trimmed": true,
	"spriteSourceSize": {"x":0,"y":3,"w":16,"h":16},
	"sourceSize": {"w":16,"h":19}
},
"Idle01":
{
	"frame": {"x":67,"y":2,"w":11,"h":14},
	"rotated": false,
	"trimmed": true,
	"spriteSourceSize": {"x":0,"y":4,"w":11,"h":14},
	"sourceSize": {"w":12,"h":18}
},
"Idle02":
{
	"frame": {"x":192,"y":2,"w":12,"h":13},
	"rotated": false,
	"trimmed": true,
	"spriteSourceSize": {"x":0,"y":5,"w":12,"h":13},
	"sourceSize": {"w":14,"h":18}
},
"Idle03":
{
	"frame": {"x":206,"y":2,"w":11,"h":13},
	"rotated": false,
	"trimmed": true,
	"spriteSourceSize": {"x":0,"y":5,"w":11,"h":13},
	"sourceSize": {"w":12,"h":18}
},
"Idle04":
{
	"frame": {"x":80,"y":2,"w":11,"h":14},
	"rotated": false,
	"trimmed": true,
	"spriteSourceSize": {"x":0,"y":4,"w":11,"h":14},
	"sourceSize": {"w":12,"h":18}
},
"Jump":
{
	"frame": {"x":93,"y":2,"w":11,"h":14},
	"rotated": false,
	"trimmed": true,
	"spriteSourceSize": {"x":0,"y":3,"w":11,"h":14},
	"sourceSize": {"w":12,"h":18}
},
"Roll01":
{
	"frame": {"x":206,"y":17,"w":11,"h":13},
	"rotated": false,
	"trimmed": true,
	"spriteSourceSize": {"x":0,"y":5,"w":11,"h":13},
	"sourceSize": {"w":12,"h":18}
},
"Roll02":
{
	"frame": {"x":38,"y":18,"w":11,"h":8},
	"rotated": false,
	"trimmed": true,
	"spriteSourceSize": {"x":0,"y":10,"w":11,"h":8},
	"sourceSize": {"w":12,"h":18}
},
"Roll03":
{
	"frame": {"x":14,"y":20,"w":10,"h":10},
	"rotated": false,
	"trimmed": true,
	"spriteSourceSize": {"x":1,"y":8,"w":10,"h":10},
	"sourceSize": {"w":12,"h":18}
},
"Roll04":
{
	"frame": {"x":26,"y":20,"w":10,"h":9},
	"rotated": false,
	"trimmed": true,
	"spriteSourceSize": {"x":1,"y":9,"w":10,"h":9},
	"sourceSize": {"w":12,"h":18}
},
"Roll05":
{
	"frame": {"x":192,"y":17,"w":12,"h":13},
	"rotated": false,
	"trimmed": true,
	"spriteSourceSize": {"x":0,"y":5,"w":12,"h":13},
	"sourceSize": {"w":12,"h":18}
},
"Run01":
{
	"frame": {"x":106,"y":2,"w":11,"h":14},
	"rotated": false,
	"trimmed": true,
	"spriteSourceSize": {"x":0,"y":4,"w":11,"h":14},
	"sourceSize": {"w":12,"h":18}
},
"Run02":
{
	"frame": {"x":144,"y":2,"w":10,"h":14},
	"rotated": false,
	"trimmed": true,
	"spriteSourceSize": {"x":1,"y":4,"w":10,"h":14},
	"sourceSize": {"w":12,"h":18}
},
"Run03":
{
	"frame": {"x":156,"y":2,"w":10,"h":14},
	"rotated": false,
	"trimmed": true,
	"spriteSourceSize": {"x":1,"y":3,"w":10,"h":14},
	"sourceSize": {"w":12,"h":18}
},
"Run04":
{
	"frame": {"x":168,"y":2,"w":10,"h":14},
	"rotated": false,
	"trimmed": true,
	"spriteSourceSize": {"x":1,"y":3,"w":10,"h":14},
	"sourceSize": {"w":12,"h":18}
},
"Run05":
{
	"frame": {"x":180,"y":2,"w":10,"h":14},
	"rotated": false,
	"trimmed": true,
	"spriteSourceSize": {"x":1,"y":4,"w":10,"h":14},
	"sourceSize": {"w":12,"h":18}
},
"Run06":
{
	"frame": {"x":106,"y":2,"w":11,"h":14},
	"rotated": false,
	"trimmed": true,
	"spriteSourceSize": {"x":0,"y":4,"w":11,"h":14},
	"sourceSize": {"w":12,"h":18}
},
"Run07":
{
	"frame": {"x":119,"y":2,"w":11,"h":14},
	"rotated": false,
	"trimmed": true,
	"spriteSourceSize": {"x":0,"y":4,"w":11,"h":14},
	"sourceSize": {"w":12,"h":18}
},
"Run08":
{
	"frame": {"x":219,"y":2,"w":11,"h":13},
	"rotated": false,
	"trimmed": true,
	"spriteSourceSize": {"x":0,"y":3,"w":11,"h":13},
	"sourceSize": {"w":12,"h":18}
},
"Run09":
{
	"frame": {"x":219,"y":17,"w":11,"h":13},
	"rotated": false,
	"trimmed": true,
	"spriteSourceSize": {"x":0,"y":3,"w":11,"h":13},
	"sourceSize": {"w":12,"h":18}
},
"Run10":
{
	"frame": {"x":232,"y":2,"w":11,"h":13},
	"rotated": false,
	"trimmed": true,
	"spriteSourceSize": {"x":0,"y":4,"w":11,"h":13},
	"sourceSize": {"w":12,"h":18}
}},
"meta": {
	"app": "http://www.codeandweb.com/texturepacker",
	"version": "1.0",
	"image": "player.png",
	"format": "RGBA8888",
	"size": {"w":245,"h":32},
	"scale": "1",
	"smartupdate": "$TexturePacker:SmartUpdate:25eceaaee0822f80e8f0a65a9cb287b1:90bd5977d1d9e3b8dcfd8e69d07eb00b:86d5339b780aedd87b35e2b7c0a7e11b$"
}
}
