{ "height":20,
 "layers":[
        {
         "data":[15, 3221225504, 3221225504, 3221225504, 3221225504, 3221225504, 3221225504, 3221225504, 3221225504, 3221225504, 3221225504, 3221225504, 3221225504, 3221225504, 3221225504, 3221225504, 3221225504, 3221225504, 3221225504, 3221225504, 3221225504, 3221225504, 3221225504, 3221225504, 3221225504, 3221225504, 3221225504, 3221225504, 3221225504, 3221225504, 3221225504, 3221225504, 3221225504, 15, 2684354592, 0, 0, 0, 0, 0, 0, 0, 0, 0, 0, 0, 0, 0, 0, 0, 0, 0, 0, 0, 0, 0, 0, 0, 0, 0, 0, 0, 0, 0, 0, 0, 0, 1610612768, 2684354592, 0, 0, 0, 0, 0, 0, 0, 0, 0, 0, 0, 0, 0, 0, 0, 0, 0, 0, 0, 0, 0, 0, 0, 0, 0, 0, 0, 0, 0, 0, 0, 0, 1610612768, 2684354592, 0, 0, 0, 0, 0, 0, 0, 0, 0, 0, 0, 0, 0, 0, 0, 0, 0, 0, 0, 0, 0, 0, 0, 0, 0, 0, 0, 0, 0, 0, 0, 0, 1610612768, 2684354592, 0, 0, 0, 0, 0, 0, 0, 0, 0, 0, 0, 0, 0, 0, 0, 0, 0, 0, 0, 0, 0, 0, 0, 0, 0, 0, 0, 0, 0, 0, 0, 0, 1610612768, 2684354592, 0, 0, 0, 0, 0, 0, 0, 0, 0, 0, 0, 0, 0, 0, 0, 0, 0, 0, 0, 0, 0, 0, 0, 0, 0, 0, 0, 0, 0, 0, 0, 0, 1610612768, 2684354592, 0, 0, 0, 0, 0, 0, 0, 0, 0, 0, 0, 0, 0, 0, 0, 0, 0, 0, 0, 0, 0, 0, 0, 0, 0, 0, 0, 0, 0, 0, 0, 0, 1610612768, 2684354592, 0, 0, 2684354573, 2684354570, 2684354570, 2684354570, 1610612746, 1610612746, 1610612746, 1610612746, 1610612749, 0, 0, 0, 0, 0, 0, 0, 0, 0, 0, 2684354573, 2684354570, 2684354570, 1610612746, 1610612746, 2684354570, 1610612746, 1610612746, 1610612749, 0, 0, 1610612768, 2684354592, 0, 0, 0, 0, 0, 0, 0, 0, 0, 0, 0, 0, 0, 0, 0, 0, 0, 0, 0, 0, 0, 0, 0, 0, 0, 0, 0, 0, 0, 0, 0, 0, 1610612768, 2684354592, 0, 0, 0, 0, 0, 0, 0, 0, 0, 0, 0, 0, 0, 0, 0, 0, 0, 0, 0, 0, 0, 0, 0, 0, 0, 0, 0, 0, 0, 0, 0, 0, 1610612768, 2684354592, 0, 0, 0, 0, 0, 0, 0, 0, 0, 0, 0, 0, 0, 0, 0, 0, 0, 0, 0, 0, 0, 0, 0, 0, 0, 0, 0, 0, 0, 0, 0, 0, 1610612768, 2684354592, 0, 0, 2684354573, 2684354570, 2684354570, 2684354570, 1610612746, 1610612746, 1610612746, 1610612746, 1610612749, 0, 0, 0, 0, 0, 0, 0, 0, 0, 0, 2684354573, 2684354570, 2684354570, 1610612746, 1610612746, 2684354570, 1610612746, 1610612746, 1610612749, 0, 0, 1610612768, 2684354592, 0, 0, 0, 0, 0, 0, 0, 0, 0, 0, 0, 0, 0, 0, 0, 0, 0, 0, 0, 0, 0, 0, 0, 0, 0, 0, 0, 0, 0, 0, 0, 0, 1610612768, 2684354592, 0, 0, 0, 0, 0, 0, 0, 0, 0, 0, 0, 0, 0, 0, 0, 0, 0, 0, 0, 0, 0, 0, 0, 0, 0, 0, 0, 0, 0, 0, 0, 0, 1610612768, 2684354592, 0, 0, 0, 0, 0, 0, 0, 0, 0, 0, 0, 0, 0, 0, 0, 0, 0, 0, 0, 0, 0, 0, 0, 0, 0, 0, 0, 0, 0, 0, 0, 0, 1610612768, 2684354592, 0, 0, 2684354573, 2684354570, 2684354570, 2684354570, 1610612746, 1610612746, 1610612746, 1610612746, 1610612749, 0, 0, 0, 0, 0, 0, 0, 0, 0, 0, 2684354573, 2684354570, 2684354570, 1610612746, 1610612746, 2684354570, 1610612746, 1610612746, 1610612749, 0, 0, 1610612768, 2684354592, 0, 0, 0, 0, 0, 0, 0, 0, 0, 0, 0, 0, 0, 0, 0, 0, 0, 0, 0, 0, 0, 0, 0, 0, 0, 0, 0, 0, 0, 0, 0, 0, 1610612768, 2684354592, 0, 0, 0, 0, 0, 0, 0, 0, 0, 0, 0, 0, 0, 0, 0, 0, 0, 0, 0, 0, 0, 0, 0, 0, 0, 0, 0, 0, 0, 0, 0, 0, 1610612768, 2684354592, 0, 0, 0, 0, 0, 0, 0, 0, 0, 0, 0, 0, 0, 0, 0, 0, 0, 0, 0, 0, 0, 0, 0, 0, 0, 0, 0, 0, 0, 0, 0, 0, 1610612768, 15, 32, 32, 32, 32, 32, 32, 32, 32, 32, 32, 32, 32, 32, 32, 32, 32, 32, 32, 32, 32, 32, 32, 32, 32, 32, 32, 32, 32, 32, 32, 32, 32, 15],
         "height":20,
         "name":"Background",
         "opacity":1,
         "type":"tilelayer",
         "visible":true,
         "width":34,
         "x":0,
         "y":0
        }, 
        {
         "color":"#ffc905",
         "draworder":"topdown",
         "height":20,
         "name":"Coins Layer",
         "objects":[
                {
                 "height":0,
                 "id":40,
                 "name":"",
                 "properties":
                    {

                    },
                 "rotation":0,
                 "type":"coin",
                 "visible":true,
                 "width":0,
                 "x":272,
                 "y":220
                }, 
                {
                 "height":0,
                 "id":104,
                 "name":"",
                 "properties":
                    {

                    },
                 "rotation":0,
                 "type":"coin",
                 "visible":true,
                 "width":0,
                 "x":272,
                 "y":156
                }, 
                {
                 "height":0,
                 "id":105,
                 "name":"",
                 "properties":
                    {

                    },
                 "rotation":0,
                 "type":"coin",
                 "visible":true,
                 "width":0,
                 "x":272,
                 "y":92
                }, 
                {
                 "height":0,
                 "id":106,
                 "name":"",
                 "properties":
                    {

                    },
                 "rotation":0,
                 "type":"coin",
                 "visible":true,
                 "width":0,
                 "x":416,
                 "y":156
                }, 
                {
                 "height":0,
                 "id":107,
                 "name":"",
                 "properties":
                    {

                    },
                 "rotation":0,
                 "type":"coin",
                 "visible":true,
                 "width":0,
                 "x":416,
                 "y":92
                }, 
                {
                 "height":0,
                 "id":108,
                 "name":"",
                 "properties":
                    {

                    },
                 "rotation":0,
                 "type":"coin",
                 "visible":true,
                 "width":0,
                 "x":416,
                 "y":220
                }, 
                {
                 "height":0,
                 "id":109,
                 "name":"",
                 "properties":
                    {

                    },
                 "rotation":0,
                 "type":"coin",
                 "visible":true,
                 "width":0,
                 "x":128,
                 "y":156
                }, 
                {
                 "height":0,
                 "id":111,
                 "name":"",
                 "properties":
                    {

                    },
                 "rotation":0,
                 "type":"coin",
                 "visible":true,
                 "width":0,
                 "x":128,
                 "y":220
                }, 
                {
                 "height":0,
                 "id":112,
                 "name":"",
                 "properties":
                    {

                    },
                 "rotation":0,
                 "type":"coin",
                 "visible":true,
                 "width":0,
                 "x":128,
                 "y":92
                }],
         "opacity":1,
         "type":"objectgroup",
         "visible":true,
         "width":34,
         "x":0,
         "y":0
        }, 
        {
         "draworder":"topdown",
         "height":20,
         "name":"Spikes Layer",
         "objects":[
                {
                 "height":0,
                 "id":94,
                 "name":"",
                 "properties":
                    {
                     "flipped":"90"
                    },
                 "rotation":0,
                 "type":"spike",
                 "visible":true,
                 "width":0,
                 "x":20,
                 "y":296
                }, 
                {
                 "height":0,
                 "id":97,
                 "name":"",
                 "properties":
                    {
                     "flipped":"270"
                    },
                 "rotation":0,
                 "type":"spike",
                 "visible":true,
                 "width":0,
                 "x":524,
                 "y":296
                }],
         "opacity":1,
         "type":"objectgroup",
         "visible":true,
         "width":34,
         "x":0,
         "y":0
        }, 
        {
         "color":"#ff0000",
         "draworder":"topdown",
         "height":20,
         "name":"Player Treasure Layer",
         "objects":[
                {
                 "height":0,
                 "id":45,
                 "name":"P",
                 "properties":
                    {

                    },
                 "rotation":0,
                 "type":"player",
                 "visible":true,
                 "width":0,
                 "x":84,
                 "y":96
                }, 
                {
                 "height":0,
                 "id":49,
                 "name":"T",
                 "properties":
                    {

                    },
                 "rotation":0,
                 "type":"treasureChest",
                 "visible":true,
                 "width":0,
                 "x":272,
                 "y":60
                }],
         "opacity":1,
         "type":"objectgroup",
         "visible":true,
         "width":34,
         "x":0,
         "y":0
        }, 
        {
         "color":"#ffffff",
         "draworder":"topdown",
         "height":20,
         "name":"Rocks Layer",
         "objects":[
                {
                 "height":8,
                 "id":67,
                 "name":"",
                 "properties":
                    {

                    },
                 "rotation":0,
                 "type":"rock",
                 "visible":true,
                 "width":16,
                 "x":428,
                 "y":236
                }, 
                {
                 "height":8,
                 "id":113,
                 "name":"",
                 "properties":
                    {

                    },
                 "rotation":0,
                 "type":"rock",
                 "visible":true,
                 "width":16,
                 "x":124,
                 "y":300
                }],
         "opacity":1,
         "type":"objectgroup",
         "visible":true,
         "width":34,
         "x":0,
         "y":0
        }, 
        {
         "color":"#aa00ff",
         "draworder":"topdown",
         "height":20,
         "name":"Bats Layer",
         "objects":[
                {
                 "height":0,
                 "id":68,
                 "name":"",
                 "properties":
                    {

                    },
                 "rotation":0,
                 "type":"bat",
                 "visible":true,
                 "width":0,
                 "x":428,
                 "y":28
                }, 
                {
                 "height":0,
                 "id":74,
                 "name":"",
                 "properties":
                    {

                    },
                 "rotation":0,
                 "type":"bat",
                 "visible":true,
                 "width":0,
                 "x":184,
                 "y":28
                }, 
                {
                 "height":0,
                 "id":75,
                 "name":"",
                 "properties":
                    {

                    },
                 "rotation":0,
                 "type":"bat",
                 "visible":true,
                 "width":0,
                 "x":440,
                 "y":28
                }],
         "opacity":1,
         "type":"objectgroup",
         "visible":true,
         "width":34,
         "x":0,
         "y":0
        }, 
        {
         "color":"#ff5500",
         "draworder":"topdown",
         "height":20,
         "name":"Fireflies Layer",
         "objects":[
                {
                 "height":0,
                 "id":69,
                 "name":"",
                 "properties":
                    {

                    },
                 "rotation":0,
                 "type":"firefly",
                 "visible":true,
                 "width":0,
                 "x":292,
                 "y":260
                }],
         "opacity":1,
         "type":"objectgroup",
         "visible":true,
         "width":34,
         "x":0,
         "y":0
        }, 
        {
         "color":"#aa5500",
         "draworder":"topdown",
         "height":20,
         "name":"Movable Platforms Layer",
         "objects":[
                {
                 "height":0,
                 "id":78,
                 "name":"",
                 "properties":
                    {
                     "velocityX":"50",
                     "velocityY":"0"
                    },
                 "rotation":0,
                 "type":"movPlatform",
                 "visible":true,
                 "width":0,
                 "x":216,
                 "y":244
                }, 
                {
                 "height":0,
                 "id":102,
                 "name":"",
                 "properties":
                    {
                     "velocityX":"50",
                     "velocityY":"0"
                    },
                 "rotation":0,
                 "type":"movPlatform",
                 "visible":true,
                 "width":0,
                 "x":328,
                 "y":180
                }, 
                {
                 "height":0,
                 "id":103,
                 "name":"",
                 "properties":
                    {
                     "velocityX":"50",
                     "velocityY":"0"
                    },
                 "rotation":0,
                 "type":"movPlatform",
                 "visible":true,
                 "width":0,
                 "x":216,
                 "y":116
                }],
         "opacity":1,
         "type":"objectgroup",
         "visible":true,
         "width":34,
         "x":0,
         "y":0
        }, 
        {
         "color":"#555500",
         "draworder":"topdown",
         "height":20,
         "name":"Platform Limits Layer",
         "objects":[
                {
                 "height":0,
                 "id":71,
                 "name":"",
                 "properties":
                    {

                    },
                 "rotation":0,
                 "type":"platformLimit",
                 "visible":true,
                 "width":0,
                 "x":184,
                 "y":248
                }, 
                {
                 "height":0,
                 "id":96,
                 "name":"",
                 "properties":
                    {

                    },
                 "rotation":0,
                 "type":"platformLimit",
                 "visible":true,
                 "width":0,
                 "x":360,
                 "y":248
                }, 
                {
                 "height":0,
                 "id":98,
                 "name":"",
                 "properties":
                    {

                    },
                 "rotation":0,
                 "type":"platformLimit",
                 "visible":true,
                 "width":0,
                 "x":184,
                 "y":184
                }, 
                {
                 "height":0,
                 "id":99,
                 "name":"",
                 "properties":
                    {

                    },
                 "rotation":0,
                 "type":"platformLimit",
                 "visible":true,
                 "width":0,
                 "x":360,
                 "y":184
                }, 
                {
                 "height":0,
                 "id":100,
                 "name":"",
                 "properties":
                    {

                    },
                 "rotation":0,
                 "type":"platformLimit",
                 "visible":true,
                 "width":0,
                 "x":184,
                 "y":120
                }, 
                {
                 "height":0,
                 "id":101,
                 "name":"",
                 "properties":
                    {

                    },
                 "rotation":0,
                 "type":"platformLimit",
                 "visible":true,
                 "width":0,
                 "x":360,
                 "y":120
                }],
         "opacity":1,
         "type":"objectgroup",
         "visible":true,
         "width":34,
         "x":0,
         "y":0
        }],
 "nextobjectid":114,
 "orientation":"orthogonal",
 "properties":
    {

    },
 "renderorder":"right-down",
 "tileheight":16,
 "tilesets":[
        {
         "firstgid":1,
         "image":"..\/tilemap.png",
         "imageheight":112,
         "imagewidth":80,
         "margin":0,
         "name":"tilemap",
         "properties":
            {

            },
         "spacing":0,
         "tileheight":16,
         "tilewidth":16
        }],
 "tilewidth":16,
 "version":1,
 "width":34
}