{ "height":20,
 "layers":[
        {
         "data":[15, 3221225504, 3221225504, 3221225504, 3221225504, 3221225504, 3221225504, 3221225504, 3221225504, 3221225504, 3221225504, 3221225504, 3221225504, 3221225504, 3221225504, 3221225504, 3221225504, 3221225504, 3221225504, 3221225504, 3221225504, 3221225504, 3221225504, 3221225504, 3221225504, 3221225504, 3221225504, 3221225504, 3221225504, 3221225504, 3221225504, 3221225504, 3221225504, 15, 2684354592, 0, 0, 0, 0, 0, 0, 0, 0, 0, 0, 0, 0, 0, 0, 0, 0, 0, 0, 0, 0, 0, 0, 0, 0, 0, 0, 0, 0, 0, 0, 0, 0, 1610612768, 2684354592, 0, 0, 0, 0, 0, 0, 0, 0, 0, 0, 0, 0, 0, 0, 0, 0, 0, 0, 0, 0, 0, 0, 0, 0, 0, 0, 0, 0, 0, 0, 0, 0, 1610612768, 2684354592, 0, 0, 0, 0, 0, 0, 0, 0, 0, 0, 0, 0, 0, 0, 0, 0, 0, 0, 0, 0, 0, 0, 0, 0, 0, 0, 0, 0, 0, 0, 0, 0, 1610612768, 2684354592, 0, 0, 0, 0, 0, 0, 0, 0, 0, 0, 0, 0, 0, 0, 0, 0, 0, 0, 0, 0, 0, 0, 0, 0, 0, 0, 0, 0, 0, 0, 0, 0, 1610612768, 2684354592, 0, 0, 0, 0, 0, 0, 0, 0, 0, 0, 0, 0, 0, 0, 0, 0, 0, 0, 0, 0, 0, 0, 0, 0, 0, 0, 0, 0, 0, 0, 0, 0, 1610612768, 2684354592, 0, 0, 0, 0, 0, 0, 0, 0, 0, 0, 0, 0, 0, 0, 0, 0, 0, 0, 0, 0, 0, 0, 0, 0, 0, 0, 0, 0, 0, 0, 0, 0, 1610612768, 2684354592, 0, 0, 0, 0, 0, 0, 0, 0, 0, 0, 0, 0, 0, 0, 0, 0, 0, 0, 0, 0, 0, 0, 0, 0, 0, 0, 0, 0, 0, 0, 0, 0, 1610612768, 2684354592, 0, 0, 0, 0, 0, 0, 0, 0, 0, 0, 0, 0, 0, 0, 0, 0, 0, 0, 0, 0, 0, 0, 0, 0, 0, 0, 0, 0, 0, 0, 0, 0, 1610612768, 2684354592, 0, 0, 0, 0, 0, 0, 0, 0, 0, 0, 0, 0, 0, 0, 0, 0, 0, 0, 0, 0, 0, 0, 0, 0, 0, 0, 0, 0, 0, 0, 0, 0, 1610612768, 2147483663, 32, 32, 32, 32, 32, 32, 32, 32, 32, 2147483649, 0, 0, 0, 0, 0, 0, 0, 0, 0, 0, 0, 0, 1, 32, 32, 32, 32, 32, 32, 32, 32, 32, 15, 2147483663, 2147483663, 2147483663, 2147483663, 2147483663, 2147483663, 2147483663, 15, 15, 15, 3758096416, 0, 0, 0, 0, 0, 0, 0, 0, 0, 0, 0, 0, 1610612768, 15, 15, 15, 15, 15, 15, 15, 15, 15, 15, 2147483663, 2147483663, 2147483663, 2147483663, 2147483663, 2147483663, 2147483663, 15, 15, 15, 3758096416, 0, 0, 0, 0, 0, 0, 0, 0, 0, 0, 0, 0, 1610612768, 15, 15, 15, 15, 15, 15, 15, 15, 15, 15, 2147483663, 2147483663, 2147483663, 2147483663, 2147483663, 2147483663, 2147483663, 15, 15, 15, 3758096416, 0, 0, 0, 0, 0, 0, 0, 0, 0, 0, 0, 0, 1610612768, 15, 15, 15, 15, 15, 15, 15, 15, 15, 15, 2147483663, 2147483663, 2147483663, 2147483663, 2147483663, 2147483663, 2147483663, 15, 15, 15, 3758096416, 0, 0, 0, 0, 0, 0, 0, 0, 0, 0, 0, 0, 1610612768, 15, 15, 15, 15, 15, 15, 15, 15, 15, 15, 2147483663, 2147483663, 2147483663, 2147483663, 2147483663, 2147483663, 2147483663, 15, 15, 15, 3758096416, 0, 0, 0, 0, 0, 0, 0, 0, 0, 0, 0, 0, 1610612768, 15, 15, 15, 15, 15, 15, 15, 15, 15, 15, 2147483663, 2147483663, 2147483663, 2147483663, 2147483663, 2147483663, 2147483663, 15, 15, 15, 3758096416, 0, 0, 0, 0, 0, 0, 0, 0, 0, 0, 0, 0, 1610612768, 15, 15, 15, 15, 15, 15, 15, 15, 15, 15, 2147483663, 2147483663, 2147483663, 2147483663, 2147483663, 2147483663, 2147483663, 15, 15, 15, 3758096416, 0, 0, 0, 0, 0, 0, 0, 0, 0, 0, 0, 0, 1610612768, 15, 15, 15, 15, 15, 15, 15, 15, 15, 15, 2147483663, 2147483663, 2147483663, 2147483663, 2147483663, 2147483663, 2147483663, 15, 15, 15, 3758096416, 0, 0, 0, 0, 0, 0, 0, 0, 0, 0, 0, 0, 1610612768, 15, 15, 15, 15, 15, 15, 15, 15, 15, 15, 2147483663, 2147483663, 2147483663, 2147483663, 2147483663, 2147483663, 2147483663, 15, 15, 15, 2147483663, 32, 32, 32, 32, 32, 32, 32, 32, 32, 32, 32, 32, 15, 15, 15, 15, 15, 15, 15, 15, 15, 15, 15],
         "height":20,
         "name":"Background",
         "opacity":1,
         "type":"tilelayer",
         "visible":true,
         "width":34,
         "x":0,
         "y":0
        }, 
        {
         "color":"#ffc905",
         "draworder":"topdown",
         "height":20,
         "name":"Coins Layer",
         "objects":[
                {
                 "height":0,
                 "id":40,
                 "name":"",
                 "properties":
                    {

                    },
                 "rotation":0,
                 "type":"coin",
                 "visible":true,
                 "width":0,
                 "x":272,
                 "y":132
                }],
         "opacity":1,
         "type":"objectgroup",
         "visible":true,
         "width":34,
         "x":0,
         "y":0
        }, 
        {
         "draworder":"topdown",
         "height":20,
         "name":"Spikes Layer",
         "objects":[
                {
                 "height":0,
                 "id":74,
                 "name":"",
                 "properties":
                    {
                     "flipped":"0"
                    },
                 "rotation":0,
                 "type":"spike",
                 "visible":true,
                 "width":0,
                 "x":328,
                 "y":300
                }, 
                {
                 "height":0,
                 "id":76,
                 "name":"",
                 "properties":
                    {
                     "flipped":"0"
                    },
                 "rotation":0,
                 "type":"spike",
                 "visible":true,
                 "width":0,
                 "x":344,
                 "y":300
                }, 
                {
                 "height":0,
                 "id":77,
                 "name":"",
                 "properties":
                    {
                     "flipped":"0"
                    },
                 "rotation":0,
                 "type":"spike",
                 "visible":true,
                 "width":0,
                 "x":232,
                 "y":300
                }, 
                {
                 "height":0,
                 "id":78,
                 "name":"",
                 "properties":
                    {
                     "flipped":"0"
                    },
                 "rotation":0,
                 "type":"spike",
                 "visible":true,
                 "width":0,
                 "x":280,
                 "y":300
                }, 
                {
                 "height":0,
                 "id":79,
                 "name":"",
                 "properties":
                    {
                     "flipped":"0"
                    },
                 "rotation":0,
                 "type":"spike",
                 "visible":true,
                 "width":0,
                 "x":248,
                 "y":300
                }, 
                {
                 "height":0,
                 "id":80,
                 "name":"",
                 "properties":
                    {
                     "flipped":"0"
                    },
                 "rotation":0,
                 "type":"spike",
                 "visible":true,
                 "width":0,
                 "x":264,
                 "y":300
                }, 
                {
                 "height":0,
                 "id":81,
                 "name":"",
                 "properties":
                    {
                     "flipped":"0"
                    },
                 "rotation":0,
                 "type":"spike",
                 "visible":true,
                 "width":0,
                 "x":296,
                 "y":300
                }, 
                {
                 "height":0,
                 "id":82,
                 "name":"",
                 "properties":
                    {
                     "flipped":"0"
                    },
                 "rotation":0,
                 "type":"spike",
                 "visible":true,
                 "width":0,
                 "x":216,
                 "y":300
                }, 
                {
                 "height":0,
                 "id":83,
                 "name":"",
                 "properties":
                    {
                     "flipped":"0"
                    },
                 "rotation":0,
                 "type":"spike",
                 "visible":true,
                 "width":0,
                 "x":312,
                 "y":300
                }, 
                {
                 "height":0,
                 "id":84,
                 "name":"",
                 "properties":
                    {
                     "flipped":"0"
                    },
                 "rotation":0,
                 "type":"spike",
                 "visible":true,
                 "width":0,
                 "x":200,
                 "y":300
                }, 
                {
                 "height":0,
                 "id":98,
                 "name":"",
                 "properties":
                    {
                     "flipped":"270"
                    },
                 "rotation":0,
                 "type":"spike",
                 "visible":true,
                 "width":0,
                 "x":364,
                 "y":292
                }, 
                {
                 "height":0,
                 "id":99,
                 "name":"",
                 "properties":
                    {
                     "flipped":"270"
                    },
                 "rotation":0,
                 "type":"spike",
                 "visible":true,
                 "width":0,
                 "x":364,
                 "y":276
                }, 
                {
                 "height":0,
                 "id":100,
                 "name":"",
                 "properties":
                    {
                     "flipped":"270"
                    },
                 "rotation":0,
                 "type":"spike",
                 "visible":true,
                 "width":0,
                 "x":364,
                 "y":260
                }, 
                {
                 "height":0,
                 "id":101,
                 "name":"",
                 "properties":
                    {
                     "flipped":"270"
                    },
                 "rotation":0,
                 "type":"spike",
                 "visible":true,
                 "width":0,
                 "x":364,
                 "y":244
                }, 
                {
                 "height":0,
                 "id":102,
                 "name":"",
                 "properties":
                    {
                     "flipped":"270"
                    },
                 "rotation":0,
                 "type":"spike",
                 "visible":true,
                 "width":0,
                 "x":364,
                 "y":228
                }, 
                {
                 "height":0,
                 "id":103,
                 "name":"",
                 "properties":
                    {
                     "flipped":"270"
                    },
                 "rotation":0,
                 "type":"spike",
                 "visible":true,
                 "width":0,
                 "x":364,
                 "y":212
                }, 
                {
                 "height":0,
                 "id":104,
                 "name":"",
                 "properties":
                    {
                     "flipped":"270"
                    },
                 "rotation":0,
                 "type":"spike",
                 "visible":true,
                 "width":0,
                 "x":364,
                 "y":196
                }, 
                {
                 "height":0,
                 "id":105,
                 "name":"",
                 "properties":
                    {
                     "flipped":"270"
                    },
                 "rotation":0,
                 "type":"spike",
                 "visible":true,
                 "width":0,
                 "x":364,
                 "y":180
                }, 
                {
                 "height":0,
                 "id":107,
                 "name":"",
                 "properties":
                    {
                     "flipped":"90"
                    },
                 "rotation":0,
                 "type":"spike",
                 "visible":true,
                 "width":0,
                 "x":180,
                 "y":228
                }, 
                {
                 "height":0,
                 "id":108,
                 "name":"",
                 "properties":
                    {
                     "flipped":"90"
                    },
                 "rotation":0,
                 "type":"spike",
                 "visible":true,
                 "width":0,
                 "x":180,
                 "y":180
                }, 
                {
                 "height":0,
                 "id":109,
                 "name":"",
                 "properties":
                    {
                     "flipped":"90"
                    },
                 "rotation":0,
                 "type":"spike",
                 "visible":true,
                 "width":0,
                 "x":180,
                 "y":292
                }, 
                {
                 "height":0,
                 "id":110,
                 "name":"",
                 "properties":
                    {
                     "flipped":"90"
                    },
                 "rotation":0,
                 "type":"spike",
                 "visible":true,
                 "width":0,
                 "x":180,
                 "y":276
                }, 
                {
                 "height":0,
                 "id":111,
                 "name":"",
                 "properties":
                    {
                     "flipped":"90"
                    },
                 "rotation":0,
                 "type":"spike",
                 "visible":true,
                 "width":0,
                 "x":180,
                 "y":196
                }, 
                {
                 "height":0,
                 "id":112,
                 "name":"",
                 "properties":
                    {
                     "flipped":"90"
                    },
                 "rotation":0,
                 "type":"spike",
                 "visible":true,
                 "width":0,
                 "x":180,
                 "y":244
                }, 
                {
                 "height":0,
                 "id":113,
                 "name":"",
                 "properties":
                    {
                     "flipped":"90"
                    },
                 "rotation":0,
                 "type":"spike",
                 "visible":true,
                 "width":0,
                 "x":180,
                 "y":212
                }, 
                {
                 "height":0,
                 "id":114,
                 "name":"",
                 "properties":
                    {
                     "flipped":"90"
                    },
                 "rotation":0,
                 "type":"spike",
                 "visible":true,
                 "width":0,
                 "x":180,
                 "y":260
                }, 
                {
                 "height":0,
                 "id":117,
                 "name":"",
                 "properties":
                    {
                     "flipped":"0"
                    },
                 "rotation":0,
                 "type":"spike",
                 "visible":true,
                 "width":0,
                 "x":360,
                 "y":300
                }, 
                {
                 "height":0,
                 "id":118,
                 "name":"",
                 "properties":
                    {
                     "flipped":"0"
                    },
                 "rotation":0,
                 "type":"spike",
                 "visible":true,
                 "width":0,
                 "x":184,
                 "y":300
                }],
         "opacity":1,
         "type":"objectgroup",
         "visible":true,
         "width":34,
         "x":0,
         "y":0
        }, 
        {
         "color":"#ff0000",
         "draworder":"topdown",
         "height":20,
         "name":"Player Treasure Layer",
         "objects":[
                {
                 "height":0,
                 "id":45,
                 "name":"P",
                 "properties":
                    {

                    },
                 "rotation":0,
                 "type":"player",
                 "visible":true,
                 "width":0,
                 "x":56,
                 "y":144
                }, 
                {
                 "height":0,
                 "id":49,
                 "name":"T",
                 "properties":
                    {

                    },
                 "rotation":0,
                 "type":"treasureChest",
                 "visible":true,
                 "width":0,
                 "x":472,
                 "y":132
                }],
         "opacity":1,
         "type":"objectgroup",
         "visible":true,
         "width":34,
         "x":0,
         "y":0
        }, 
        {
         "color":"#ffffff",
         "draworder":"topdown",
         "height":20,
         "name":"Rocks Layer",
         "objects":[
                {
                 "height":8,
                 "id":67,
                 "name":"",
                 "properties":
                    {

                    },
                 "rotation":0,
                 "type":"rock",
                 "visible":true,
                 "width":16,
                 "x":428,
                 "y":156
                }],
         "opacity":1,
         "type":"objectgroup",
         "visible":true,
         "width":34,
         "x":0,
         "y":0
        }, 
        {
         "color":"#aa00ff",
         "draworder":"topdown",
         "height":20,
         "name":"Bats Layer",
         "objects":[
                {
                 "height":0,
                 "id":68,
                 "name":"",
                 "properties":
                    {

                    },
                 "rotation":0,
                 "type":"bat",
                 "visible":true,
                 "width":0,
                 "x":204,
                 "y":28
                }],
         "opacity":1,
         "type":"objectgroup",
         "visible":true,
         "width":34,
         "x":0,
         "y":0
        }, 
        {
         "color":"#ff5500",
         "draworder":"topdown",
         "height":20,
         "name":"Fireflies Layer",
         "objects":[
                {
                 "height":0,
                 "id":69,
                 "name":"",
                 "properties":
                    {

                    },
                 "rotation":0,
                 "type":"firefly",
                 "visible":true,
                 "width":0,
                 "x":272,
                 "y":244
                }],
         "opacity":1,
         "type":"objectgroup",
         "visible":true,
         "width":34,
         "x":0,
         "y":0
        }, 
        {
         "color":"#550000",
         "draworder":"topdown",
         "height":20,
         "name":"Falling Platforms Layer",
         "objects":[
                {
                 "height":0,
                 "id":97,
                 "name":"",
                 "properties":
                    {

                    },
                 "rotation":0,
                 "type":"fallPlatform",
                 "visible":true,
                 "width":0,
                 "x":272,
                 "y":168
                }],
         "opacity":1,
         "type":"objectgroup",
         "visible":true,
         "width":34,
         "x":0,
         "y":0
        }],
 "nextobjectid":119,
 "orientation":"orthogonal",
 "properties":
    {

    },
 "renderorder":"right-down",
 "tileheight":16,
 "tilesets":[
        {
         "firstgid":1,
         "image":"..\/tilemap.png",
         "imageheight":112,
         "imagewidth":80,
         "margin":0,
         "name":"tilemap",
         "properties":
            {

            },
         "spacing":0,
         "tileheight":16,
         "tilewidth":16
        }],
 "tilewidth":16,
 "version":1,
 "width":34
}