{ "height":20,
 "layers":[
        {
         "data":[15, 3221225504, 3221225504, 3221225504, 3221225504, 3221225504, 3221225504, 3221225504, 3221225504, 3221225504, 3221225504, 3221225504, 3221225504, 1073741839, 1073741839, 3221225504, 3221225504, 3221225504, 3221225504, 3221225504, 3221225504, 3221225504, 3221225504, 3221225504, 3221225504, 3221225504, 3221225504, 3221225504, 3221225504, 3221225504, 3221225504, 3221225504, 3221225504, 15, 2684354592, 0, 0, 0, 0, 0, 0, 0, 0, 0, 0, 0, 0, 536870944, 3758096416, 0, 0, 0, 0, 0, 0, 0, 0, 0, 0, 0, 0, 0, 0, 0, 0, 0, 0, 1610612768, 2684354592, 0, 0, 0, 0, 0, 0, 0, 0, 0, 0, 0, 0, 536870944, 3758096416, 0, 0, 0, 0, 0, 0, 0, 0, 0, 0, 0, 0, 0, 0, 0, 0, 0, 0, 1610612768, 2684354592, 0, 0, 0, 0, 0, 0, 0, 0, 0, 0, 0, 0, 536870944, 3758096416, 0, 0, 0, 0, 0, 0, 0, 0, 0, 0, 0, 0, 0, 0, 0, 0, 0, 0, 1610612768, 2684354592, 0, 0, 0, 0, 0, 0, 0, 0, 0, 0, 0, 0, 536870944, 3758096416, 0, 0, 0, 0, 0, 0, 0, 0, 0, 0, 0, 0, 0, 0, 0, 0, 0, 0, 1610612768, 2684354592, 0, 0, 0, 0, 0, 0, 0, 0, 0, 0, 0, 0, 536870944, 3758096416, 0, 0, 0, 0, 0, 0, 0, 0, 0, 0, 0, 0, 0, 0, 0, 0, 0, 0, 1610612768, 2684354592, 0, 0, 0, 0, 0, 0, 0, 0, 0, 0, 0, 0, 536870944, 3758096416, 0, 0, 0, 0, 0, 0, 0, 0, 0, 0, 0, 0, 0, 0, 0, 0, 0, 0, 1610612768, 15, 2684354570, 2684354570, 2684354570, 2684354570, 1610612749, 0, 0, 0, 0, 0, 0, 0, 536870944, 3758096416, 0, 0, 0, 0, 0, 0, 0, 0, 0, 1, 2684354561, 0, 0, 0, 0, 0, 0, 0, 1610612768, 2684354592, 0, 0, 0, 0, 0, 0, 0, 0, 0, 0, 0, 0, 536870944, 3758096416, 0, 0, 0, 0, 0, 0, 0, 0, 0, 1610612768, 2684354592, 0, 0, 0, 0, 0, 0, 0, 1610612768, 2684354592, 0, 0, 0, 0, 0, 0, 0, 0, 0, 0, 0, 0, 536870944, 3758096416, 0, 0, 0, 0, 0, 0, 0, 0, 0, 1610612768, 2684354592, 0, 0, 0, 0, 0, 0, 0, 1610612768, 2684354592, 0, 0, 0, 0, 0, 0, 0, 0, 0, 0, 0, 0, 536870944, 3758096416, 0, 0, 0, 0, 0, 0, 0, 0, 0, 1610612768, 2684354592, 0, 0, 0, 0, 0, 0, 0, 1610612768, 2684354592, 0, 0, 0, 0, 0, 0, 0, 2684354573, 1610612746, 1610612746, 1610612746, 1610612746, 3221225487, 3758096416, 0, 0, 0, 0, 0, 0, 0, 0, 0, 1610612768, 2684354592, 0, 0, 0, 0, 0, 0, 0, 1610612768, 2684354592, 0, 0, 0, 0, 0, 0, 0, 0, 0, 0, 0, 0, 536870944, 3758096416, 0, 0, 0, 0, 0, 0, 0, 0, 0, 1610612768, 2684354592, 0, 0, 0, 0, 0, 0, 0, 1610612768, 2684354592, 0, 0, 0, 0, 0, 0, 0, 0, 0, 0, 0, 0, 1073741825, 3758096385, 0, 0, 0, 0, 0, 0, 0, 0, 0, 1610612768, 2684354592, 0, 0, 0, 0, 0, 0, 0, 1610612768, 2684354592, 0, 0, 0, 0, 0, 0, 0, 0, 0, 0, 0, 0, 0, 0, 0, 0, 0, 0, 0, 0, 0, 0, 0, 1610612768, 2684354592, 0, 0, 0, 0, 0, 0, 0, 1610612768, 15, 2684354570, 2684354570, 2684354570, 2684354570, 1610612749, 0, 0, 0, 0, 0, 0, 0, 0, 0, 0, 0, 0, 0, 0, 0, 0, 0, 0, 1610612768, 2684354592, 0, 0, 0, 0, 0, 0, 0, 1610612768, 2684354592, 0, 0, 0, 0, 0, 0, 0, 0, 0, 0, 0, 0, 0, 0, 0, 0, 0, 0, 0, 0, 0, 0, 0, 1610612768, 2684354592, 0, 0, 0, 0, 0, 0, 0, 1610612768, 2684354592, 0, 0, 0, 0, 0, 0, 0, 0, 0, 0, 0, 0, 0, 0, 0, 0, 0, 0, 0, 0, 0, 0, 0, 1610612768, 2684354592, 0, 0, 0, 0, 0, 0, 0, 1610612768, 2684354592, 0, 0, 0, 0, 0, 0, 0, 0, 0, 0, 0, 0, 0, 0, 0, 0, 0, 0, 0, 0, 0, 0, 0, 1610612768, 2684354592, 0, 0, 0, 0, 0, 0, 0, 1610612768, 15, 32, 32, 32, 32, 32, 32, 32, 32, 32, 32, 32, 32, 32, 32, 32, 32, 32, 32, 32, 32, 32, 32, 32, 15, 15, 32, 32, 32, 32, 32, 32, 32, 15],
         "height":20,
         "name":"Background",
         "opacity":1,
         "type":"tilelayer",
         "visible":true,
         "width":34,
         "x":0,
         "y":0
        }, 
        {
         "color":"#ffc905",
         "draworder":"topdown",
         "height":20,
         "name":"Coins Layer",
         "objects":[
                {
                 "height":0,
                 "id":40,
                 "name":"",
                 "properties":
                    {

                    },
                 "rotation":0,
                 "type":"coin",
                 "visible":true,
                 "width":0,
                 "x":472,
                 "y":84
                }, 
                {
                 "height":0,
                 "id":105,
                 "name":"",
                 "properties":
                    {

                    },
                 "rotation":0,
                 "type":"coin",
                 "visible":true,
                 "width":0,
                 "x":344,
                 "y":80
                }, 
                {
                 "height":0,
                 "id":106,
                 "name":"",
                 "properties":
                    {

                    },
                 "rotation":0,
                 "type":"coin",
                 "visible":true,
                 "width":0,
                 "x":344,
                 "y":208
                }, 
                {
                 "height":0,
                 "id":112,
                 "name":"",
                 "properties":
                    {

                    },
                 "rotation":0,
                 "type":"coin",
                 "visible":true,
                 "width":0,
                 "x":280,
                 "y":144
                }, 
                {
                 "height":0,
                 "id":115,
                 "name":"",
                 "properties":
                    {

                    },
                 "rotation":0,
                 "type":"coin",
                 "visible":true,
                 "width":0,
                 "x":168,
                 "y":148
                }, 
                {
                 "height":0,
                 "id":116,
                 "name":"",
                 "properties":
                    {

                    },
                 "rotation":0,
                 "type":"coin",
                 "visible":true,
                 "width":0,
                 "x":56,
                 "y":212
                }],
         "opacity":1,
         "type":"objectgroup",
         "visible":true,
         "width":34,
         "x":0,
         "y":0
        }, 
        {
         "draworder":"topdown",
         "height":20,
         "name":"Spikes Layer",
         "objects":[
                {
                 "height":0,
                 "id":97,
                 "name":"",
                 "properties":
                    {
                     "flipped":"0"
                    },
                 "rotation":0,
                 "type":"spike",
                 "visible":true,
                 "width":0,
                 "x":312,
                 "y":300
                }, 
                {
                 "height":0,
                 "id":98,
                 "name":"",
                 "properties":
                    {
                     "flipped":"0"
                    },
                 "rotation":0,
                 "type":"spike",
                 "visible":true,
                 "width":0,
                 "x":360,
                 "y":300
                }, 
                {
                 "height":0,
                 "id":99,
                 "name":"",
                 "properties":
                    {
                     "flipped":"0"
                    },
                 "rotation":0,
                 "type":"spike",
                 "visible":true,
                 "width":0,
                 "x":328,
                 "y":300
                }, 
                {
                 "height":0,
                 "id":100,
                 "name":"",
                 "properties":
                    {
                     "flipped":"0"
                    },
                 "rotation":0,
                 "type":"spike",
                 "visible":true,
                 "width":0,
                 "x":344,
                 "y":300
                }, 
                {
                 "height":0,
                 "id":101,
                 "name":"",
                 "properties":
                    {
                     "flipped":"0"
                    },
                 "rotation":0,
                 "type":"spike",
                 "visible":true,
                 "width":0,
                 "x":376,
                 "y":300
                }, 
                {
                 "height":0,
                 "id":117,
                 "name":"",
                 "properties":
                    {
                     "flipped":"0"
                    },
                 "rotation":0,
                 "type":"spike",
                 "visible":true,
                 "width":0,
                 "x":88,
                 "y":300
                }, 
                {
                 "height":0,
                 "id":118,
                 "name":"",
                 "properties":
                    {
                     "flipped":"0"
                    },
                 "rotation":0,
                 "type":"spike",
                 "visible":true,
                 "width":0,
                 "x":56,
                 "y":300
                }, 
                {
                 "height":0,
                 "id":119,
                 "name":"",
                 "properties":
                    {
                     "flipped":"0"
                    },
                 "rotation":0,
                 "type":"spike",
                 "visible":true,
                 "width":0,
                 "x":40,
                 "y":300
                }, 
                {
                 "height":0,
                 "id":120,
                 "name":"",
                 "properties":
                    {
                     "flipped":"0"
                    },
                 "rotation":0,
                 "type":"spike",
                 "visible":true,
                 "width":0,
                 "x":72,
                 "y":300
                }, 
                {
                 "height":0,
                 "id":121,
                 "name":"",
                 "properties":
                    {
                     "flipped":"0"
                    },
                 "rotation":0,
                 "type":"spike",
                 "visible":true,
                 "width":0,
                 "x":24,
                 "y":300
                }, 
                {
                 "height":0,
                 "id":127,
                 "name":"",
                 "properties":
                    {
                     "flipped":"0"
                    },
                 "rotation":0,
                 "type":"spike",
                 "visible":true,
                 "width":0,
                 "x":120,
                 "y":300
                }, 
                {
                 "height":0,
                 "id":128,
                 "name":"",
                 "properties":
                    {
                     "flipped":"0"
                    },
                 "rotation":0,
                 "type":"spike",
                 "visible":true,
                 "width":0,
                 "x":104,
                 "y":300
                }, 
                {
                 "height":0,
                 "id":131,
                 "name":"",
                 "properties":
                    {
                     "flipped":"90"
                    },
                 "rotation":0,
                 "type":"spike",
                 "visible":true,
                 "width":0,
                 "x":420,
                 "y":296
                }, 
                {
                 "height":0,
                 "id":132,
                 "name":"",
                 "properties":
                    {
                     "flipped":"270"
                    },
                 "rotation":0,
                 "type":"spike",
                 "visible":true,
                 "width":0,
                 "x":524,
                 "y":296
                }],
         "opacity":1,
         "type":"objectgroup",
         "visible":true,
         "width":34,
         "x":0,
         "y":0
        }, 
        {
         "color":"#ff0000",
         "draworder":"topdown",
         "height":20,
         "name":"Player Treasure Layer",
         "objects":[
                {
                 "height":0,
                 "id":45,
                 "name":"P",
                 "properties":
                    {

                    },
                 "rotation":0,
                 "type":"player",
                 "visible":true,
                 "width":0,
                 "x":48,
                 "y":92
                }, 
                {
                 "height":0,
                 "id":49,
                 "name":"T",
                 "properties":
                    {

                    },
                 "rotation":0,
                 "type":"treasureChest",
                 "visible":true,
                 "width":0,
                 "x":48,
                 "y":80
                }],
         "opacity":1,
         "type":"objectgroup",
         "visible":true,
         "width":34,
         "x":0,
         "y":0
        }, 
        {
         "color":"#ffffff",
         "draworder":"topdown",
         "height":20,
         "name":"Rocks Layer",
         "objects":[
                {
                 "height":8,
                 "id":67,
                 "name":"",
                 "properties":
                    {

                    },
                 "rotation":0,
                 "type":"rock",
                 "visible":true,
                 "width":16,
                 "x":192,
                 "y":300
                }],
         "opacity":1,
         "type":"objectgroup",
         "visible":true,
         "width":34,
         "x":0,
         "y":0
        }, 
        {
         "color":"#aa00ff",
         "draworder":"topdown",
         "height":20,
         "name":"Bats Layer",
         "objects":[
                {
                 "height":0,
                 "id":68,
                 "name":"",
                 "properties":
                    {

                    },
                 "rotation":0,
                 "type":"bat",
                 "visible":true,
                 "width":0,
                 "x":196,
                 "y":28
                }, 
                {
                 "height":0,
                 "id":135,
                 "name":"",
                 "properties":
                    {

                    },
                 "rotation":0,
                 "type":"bat",
                 "visible":true,
                 "width":0,
                 "x":184,
                 "y":28
                }],
         "opacity":1,
         "type":"objectgroup",
         "visible":true,
         "width":34,
         "x":0,
         "y":0
        }, 
        {
         "color":"#ff5500",
         "draworder":"topdown",
         "height":20,
         "name":"Fireflies Layer",
         "objects":[
                {
                 "height":0,
                 "id":69,
                 "name":"",
                 "properties":
                    {

                    },
                 "rotation":0,
                 "type":"firefly",
                 "visible":true,
                 "width":0,
                 "x":472,
                 "y":200
                }],
         "opacity":1,
         "type":"objectgroup",
         "visible":true,
         "width":34,
         "x":0,
         "y":0
        }, 
        {
         "color":"#550000",
         "draworder":"topdown",
         "height":20,
         "name":"Falling Platforms Layer",
         "objects":[
                {
                 "height":0,
                 "id":72,
                 "name":"",
                 "properties":
                    {

                    },
                 "rotation":0,
                 "type":"fallPlatform",
                 "visible":true,
                 "width":0,
                 "x":344,
                 "y":112
                }, 
                {
                 "height":0,
                 "id":104,
                 "name":"",
                 "properties":
                    {

                    },
                 "rotation":0,
                 "type":"fallPlatform",
                 "visible":true,
                 "width":0,
                 "x":344,
                 "y":240
                }, 
                {
                 "height":0,
                 "id":110,
                 "name":"",
                 "properties":
                    {

                    },
                 "rotation":0,
                 "type":"fallPlatform",
                 "visible":true,
                 "width":0,
                 "x":280,
                 "y":176
                }, 
                {
                 "height":0,
                 "id":114,
                 "name":"",
                 "properties":
                    {

                    },
                 "rotation":0,
                 "type":"fallPlatform",
                 "visible":true,
                 "width":0,
                 "x":500,
                 "y":116
                }, 
                {
                 "height":0,
                 "id":134,
                 "name":"",
                 "properties":
                    {

                    },
                 "rotation":0,
                 "type":"fallPlatform",
                 "visible":true,
                 "width":0,
                 "x":444,
                 "y":116
                }],
         "opacity":1,
         "type":"objectgroup",
         "visible":true,
         "width":34,
         "x":0,
         "y":0
        }],
 "nextobjectid":136,
 "orientation":"orthogonal",
 "properties":
    {

    },
 "renderorder":"right-down",
 "tileheight":16,
 "tilesets":[
        {
         "firstgid":1,
         "image":"..\/tilemap.png",
         "imageheight":112,
         "imagewidth":80,
         "margin":0,
         "name":"tilemap",
         "properties":
            {

            },
         "spacing":0,
         "tileheight":16,
         "tilewidth":16
        }],
 "tilewidth":16,
 "version":1,
 "width":34
}