{ "height":20,
 "layers":[
        {
         "data":[15, 3221225504, 3221225504, 3221225504, 3221225504, 3221225504, 3221225504, 3221225504, 3221225504, 3221225504, 3221225504, 3221225504, 3221225504, 3221225504, 3221225504, 3221225504, 3221225504, 3221225504, 3221225504, 3221225504, 3221225504, 3221225504, 3221225504, 3221225504, 3221225504, 3221225504, 3221225504, 3221225504, 3221225504, 3221225504, 3221225504, 3221225504, 3221225504, 15, 2684354592, 0, 0, 0, 0, 0, 0, 0, 0, 0, 0, 0, 0, 0, 0, 0, 0, 0, 0, 0, 0, 0, 0, 0, 0, 0, 0, 0, 0, 0, 0, 0, 0, 1610612768, 2684354592, 0, 0, 0, 0, 0, 0, 0, 0, 0, 0, 0, 0, 0, 0, 0, 0, 0, 0, 0, 0, 0, 0, 0, 0, 0, 0, 0, 0, 0, 0, 0, 0, 1610612768, 2684354592, 0, 0, 0, 0, 0, 0, 0, 0, 0, 0, 0, 0, 0, 0, 0, 0, 0, 0, 0, 0, 0, 0, 0, 0, 0, 0, 0, 0, 0, 0, 0, 0, 1610612768, 2684354592, 0, 0, 0, 0, 0, 0, 0, 0, 0, 0, 0, 0, 0, 0, 0, 0, 0, 0, 0, 0, 0, 0, 0, 0, 0, 0, 0, 0, 0, 0, 0, 0, 1610612768, 2684354592, 0, 0, 0, 0, 0, 2684354573, 2684354570, 2684354570, 2684354570, 2684354570, 2684354570, 2684354570, 2684354570, 2684354570, 2684354570, 2684354570, 2684354570, 2684354570, 2684354570, 2684354570, 2684354570, 2684354570, 2684354570, 2684354570, 1610612746, 1610612746, 1610612749, 0, 0, 0, 0, 0, 1610612768, 2684354592, 0, 0, 0, 0, 0, 0, 5, 0, 0, 0, 0, 0, 0, 0, 0, 0, 0, 0, 0, 0, 0, 0, 0, 0, 0, 5, 0, 0, 0, 0, 0, 0, 1610612768, 2684354592, 0, 0, 0, 0, 0, 0, 0, 0, 0, 0, 0, 0, 0, 0, 0, 0, 0, 0, 0, 0, 0, 0, 0, 0, 0, 0, 0, 0, 0, 0, 0, 0, 1610612768, 2684354592, 0, 0, 0, 0, 0, 0, 0, 0, 0, 0, 0, 0, 0, 0, 0, 0, 0, 0, 0, 0, 0, 0, 0, 0, 0, 0, 0, 0, 0, 0, 0, 0, 1610612768, 2684354592, 0, 0, 0, 0, 0, 0, 0, 0, 0, 0, 0, 0, 0, 0, 0, 0, 0, 0, 0, 0, 0, 0, 0, 0, 0, 0, 0, 0, 0, 0, 0, 0, 1610612768, 2684354592, 0, 0, 0, 0, 0, 2684354573, 2684354570, 2684354570, 2684354570, 2684354570, 2684354570, 2684354570, 2684354570, 2684354570, 2684354570, 2684354570, 2684354570, 2684354570, 2684354570, 2684354570, 2684354570, 2684354570, 2684354570, 2684354570, 1610612746, 1610612746, 1610612749, 0, 0, 0, 0, 0, 1610612768, 2684354592, 0, 0, 0, 0, 0, 0, 5, 0, 0, 0, 0, 0, 0, 0, 0, 0, 0, 0, 0, 0, 0, 0, 0, 0, 0, 5, 0, 0, 0, 0, 0, 0, 1610612768, 2684354592, 0, 0, 0, 0, 0, 0, 0, 0, 0, 0, 0, 0, 0, 0, 0, 0, 0, 0, 0, 0, 0, 0, 0, 0, 0, 0, 0, 0, 0, 0, 0, 0, 1610612768, 2684354592, 0, 0, 0, 0, 0, 0, 0, 0, 0, 0, 0, 0, 0, 0, 0, 0, 0, 0, 0, 0, 0, 0, 0, 0, 0, 0, 0, 0, 0, 0, 0, 0, 1610612768, 2684354592, 0, 0, 0, 0, 0, 0, 0, 0, 0, 0, 0, 0, 0, 0, 0, 0, 0, 0, 0, 0, 0, 0, 0, 0, 0, 0, 0, 0, 0, 0, 0, 0, 1610612768, 2684354592, 0, 0, 0, 0, 0, 2684354573, 2684354570, 2684354570, 2684354570, 2684354570, 2684354570, 2684354570, 2684354570, 2684354570, 2684354570, 2684354570, 2684354570, 2684354570, 2684354570, 2684354570, 2684354570, 2684354570, 2684354570, 2684354570, 1610612746, 1610612746, 1610612749, 0, 0, 0, 0, 0, 1610612768, 2684354592, 0, 0, 0, 0, 0, 0, 5, 0, 0, 0, 0, 0, 0, 0, 0, 0, 0, 0, 0, 0, 0, 0, 0, 0, 0, 5, 0, 0, 0, 0, 0, 0, 1610612768, 2684354592, 0, 0, 0, 0, 0, 0, 0, 0, 0, 0, 0, 0, 0, 0, 0, 0, 0, 0, 0, 0, 0, 0, 0, 0, 0, 0, 0, 0, 0, 0, 0, 0, 1610612768, 2684354592, 0, 0, 0, 0, 0, 0, 0, 0, 0, 0, 0, 0, 0, 0, 0, 0, 0, 0, 0, 0, 0, 0, 0, 0, 0, 0, 0, 0, 0, 0, 0, 0, 1610612768, 15, 32, 32, 32, 32, 32, 32, 32, 32, 32, 32, 32, 32, 32, 32, 32, 32, 32, 32, 32, 32, 32, 32, 32, 32, 32, 32, 32, 32, 32, 32, 32, 32, 15],
         "height":20,
         "name":"Background",
         "opacity":1,
         "type":"tilelayer",
         "visible":true,
         "width":34,
         "x":0,
         "y":0
        }, 
        {
         "color":"#ffc905",
         "draworder":"topdown",
         "height":20,
         "name":"Coins Layer",
         "objects":[
                {
                 "height":0,
                 "id":174,
                 "name":"",
                 "properties":
                    {

                    },
                 "rotation":0,
                 "type":"coin",
                 "visible":true,
                 "width":0,
                 "x":240,
                 "y":56
                }, 
                {
                 "height":0,
                 "id":176,
                 "name":"",
                 "properties":
                    {

                    },
                 "rotation":0,
                 "type":"coin",
                 "visible":true,
                 "width":0,
                 "x":368,
                 "y":56
                }, 
                {
                 "height":0,
                 "id":178,
                 "name":"",
                 "properties":
                    {

                    },
                 "rotation":0,
                 "type":"coin",
                 "visible":true,
                 "width":0,
                 "x":304,
                 "y":56
                }, 
                {
                 "height":0,
                 "id":203,
                 "name":"",
                 "properties":
                    {

                    },
                 "rotation":0,
                 "type":"coin",
                 "visible":true,
                 "width":0,
                 "x":176,
                 "y":56
                }, 
                {
                 "height":0,
                 "id":204,
                 "name":"",
                 "properties":
                    {

                    },
                 "rotation":0,
                 "type":"coin",
                 "visible":true,
                 "width":0,
                 "x":176,
                 "y":136
                }, 
                {
                 "height":0,
                 "id":205,
                 "name":"",
                 "properties":
                    {

                    },
                 "rotation":0,
                 "type":"coin",
                 "visible":true,
                 "width":0,
                 "x":304,
                 "y":136
                }, 
                {
                 "height":0,
                 "id":206,
                 "name":"",
                 "properties":
                    {

                    },
                 "rotation":0,
                 "type":"coin",
                 "visible":true,
                 "width":0,
                 "x":240,
                 "y":136
                }, 
                {
                 "height":0,
                 "id":207,
                 "name":"",
                 "properties":
                    {

                    },
                 "rotation":0,
                 "type":"coin",
                 "visible":true,
                 "width":0,
                 "x":368,
                 "y":136
                }, 
                {
                 "height":0,
                 "id":208,
                 "name":"",
                 "properties":
                    {

                    },
                 "rotation":0,
                 "type":"coin",
                 "visible":true,
                 "width":0,
                 "x":176,
                 "y":216
                }, 
                {
                 "height":0,
                 "id":209,
                 "name":"",
                 "properties":
                    {

                    },
                 "rotation":0,
                 "type":"coin",
                 "visible":true,
                 "width":0,
                 "x":304,
                 "y":216
                }, 
                {
                 "height":0,
                 "id":210,
                 "name":"",
                 "properties":
                    {

                    },
                 "rotation":0,
                 "type":"coin",
                 "visible":true,
                 "width":0,
                 "x":240,
                 "y":216
                }, 
                {
                 "height":0,
                 "id":211,
                 "name":"",
                 "properties":
                    {

                    },
                 "rotation":0,
                 "type":"coin",
                 "visible":true,
                 "width":0,
                 "x":368,
                 "y":216
                }],
         "opacity":1,
         "type":"objectgroup",
         "visible":true,
         "width":34,
         "x":0,
         "y":0
        }, 
        {
         "draworder":"topdown",
         "height":20,
         "name":"Spikes Layer",
         "objects":[
                {
                 "height":0,
                 "id":106,
                 "name":"",
                 "properties":
                    {
                     "flipped":"180"
                    },
                 "rotation":0,
                 "type":"spike",
                 "visible":true,
                 "width":0,
                 "x":176,
                 "y":180
                }, 
                {
                 "height":0,
                 "id":109,
                 "name":"",
                 "properties":
                    {
                     "flipped":"180"
                    },
                 "rotation":0,
                 "type":"spike",
                 "visible":true,
                 "width":0,
                 "x":208,
                 "y":180
                }, 
                {
                 "height":0,
                 "id":110,
                 "name":"",
                 "properties":
                    {
                     "flipped":"180"
                    },
                 "rotation":0,
                 "type":"spike",
                 "visible":true,
                 "width":0,
                 "x":240,
                 "y":180
                }, 
                {
                 "height":0,
                 "id":111,
                 "name":"",
                 "properties":
                    {
                     "flipped":"180"
                    },
                 "rotation":0,
                 "type":"spike",
                 "visible":true,
                 "width":0,
                 "x":304,
                 "y":180
                }, 
                {
                 "height":0,
                 "id":114,
                 "name":"",
                 "properties":
                    {
                     "flipped":"180"
                    },
                 "rotation":0,
                 "type":"spike",
                 "visible":true,
                 "width":0,
                 "x":336,
                 "y":180
                }, 
                {
                 "height":0,
                 "id":117,
                 "name":"",
                 "properties":
                    {
                     "flipped":"180"
                    },
                 "rotation":0,
                 "type":"spike",
                 "visible":true,
                 "width":0,
                 "x":272,
                 "y":180
                }, 
                {
                 "height":0,
                 "id":118,
                 "name":"",
                 "properties":
                    {
                     "flipped":"180"
                    },
                 "rotation":0,
                 "type":"spike",
                 "visible":true,
                 "width":0,
                 "x":368,
                 "y":180
                }, 
                {
                 "height":0,
                 "id":131,
                 "name":"",
                 "properties":
                    {
                     "flipped":"180"
                    },
                 "rotation":0,
                 "type":"spike",
                 "visible":true,
                 "width":0,
                 "x":208,
                 "y":100
                }, 
                {
                 "height":0,
                 "id":133,
                 "name":"",
                 "properties":
                    {
                     "flipped":"180"
                    },
                 "rotation":0,
                 "type":"spike",
                 "visible":true,
                 "width":0,
                 "x":272,
                 "y":100
                }, 
                {
                 "height":0,
                 "id":135,
                 "name":"",
                 "properties":
                    {
                     "flipped":"180"
                    },
                 "rotation":0,
                 "type":"spike",
                 "visible":true,
                 "width":0,
                 "x":304,
                 "y":100
                }, 
                {
                 "height":0,
                 "id":136,
                 "name":"",
                 "properties":
                    {
                     "flipped":"180"
                    },
                 "rotation":0,
                 "type":"spike",
                 "visible":true,
                 "width":0,
                 "x":240,
                 "y":100
                }, 
                {
                 "height":0,
                 "id":139,
                 "name":"",
                 "properties":
                    {
                     "flipped":"180"
                    },
                 "rotation":0,
                 "type":"spike",
                 "visible":true,
                 "width":0,
                 "x":336,
                 "y":100
                }, 
                {
                 "height":0,
                 "id":142,
                 "name":"",
                 "properties":
                    {
                     "flipped":"180"
                    },
                 "rotation":0,
                 "type":"spike",
                 "visible":true,
                 "width":0,
                 "x":368,
                 "y":100
                }, 
                {
                 "height":0,
                 "id":143,
                 "name":"",
                 "properties":
                    {
                     "flipped":"180"
                    },
                 "rotation":0,
                 "type":"spike",
                 "visible":true,
                 "width":0,
                 "x":176,
                 "y":100
                }, 
                {
                 "height":0,
                 "id":151,
                 "name":"",
                 "properties":
                    {
                     "flipped":"180"
                    },
                 "rotation":0,
                 "type":"spike",
                 "visible":true,
                 "width":0,
                 "x":208,
                 "y":260
                }, 
                {
                 "height":0,
                 "id":153,
                 "name":"",
                 "properties":
                    {
                     "flipped":"180"
                    },
                 "rotation":0,
                 "type":"spike",
                 "visible":true,
                 "width":0,
                 "x":272,
                 "y":260
                }, 
                {
                 "height":0,
                 "id":155,
                 "name":"",
                 "properties":
                    {
                     "flipped":"180"
                    },
                 "rotation":0,
                 "type":"spike",
                 "visible":true,
                 "width":0,
                 "x":304,
                 "y":260
                }, 
                {
                 "height":0,
                 "id":156,
                 "name":"",
                 "properties":
                    {
                     "flipped":"180"
                    },
                 "rotation":0,
                 "type":"spike",
                 "visible":true,
                 "width":0,
                 "x":240,
                 "y":260
                }, 
                {
                 "height":0,
                 "id":159,
                 "name":"",
                 "properties":
                    {
                     "flipped":"180"
                    },
                 "rotation":0,
                 "type":"spike",
                 "visible":true,
                 "width":0,
                 "x":336,
                 "y":260
                }, 
                {
                 "height":0,
                 "id":162,
                 "name":"",
                 "properties":
                    {
                     "flipped":"180"
                    },
                 "rotation":0,
                 "type":"spike",
                 "visible":true,
                 "width":0,
                 "x":368,
                 "y":260
                }, 
                {
                 "height":0,
                 "id":163,
                 "name":"",
                 "properties":
                    {
                     "flipped":"180"
                    },
                 "rotation":0,
                 "type":"spike",
                 "visible":true,
                 "width":0,
                 "x":176,
                 "y":260
                }],
         "opacity":1,
         "type":"objectgroup",
         "visible":true,
         "width":34,
         "x":0,
         "y":0
        }, 
        {
         "color":"#ff0000",
         "draworder":"topdown",
         "height":20,
         "name":"Player Treasure Layer",
         "objects":[
                {
                 "height":0,
                 "id":45,
                 "name":"P",
                 "properties":
                    {

                    },
                 "rotation":0,
                 "type":"player",
                 "visible":true,
                 "width":0,
                 "x":272,
                 "y":288
                }, 
                {
                 "height":0,
                 "id":49,
                 "name":"T",
                 "properties":
                    {

                    },
                 "rotation":0,
                 "type":"treasureChest",
                 "visible":true,
                 "width":0,
                 "x":272,
                 "y":288
                }],
         "opacity":1,
         "type":"objectgroup",
         "visible":true,
         "width":34,
         "x":0,
         "y":0
        }, 
        {
         "color":"#ffffff",
         "draworder":"topdown",
         "height":20,
         "name":"Rocks Layer",
         "objects":[
                {
                 "height":8,
                 "id":67,
                 "name":"",
                 "properties":
                    {

                    },
                 "rotation":0,
                 "type":"rock",
                 "visible":true,
                 "width":16,
                 "x":336,
                 "y":300
                }],
         "opacity":1,
         "type":"objectgroup",
         "visible":true,
         "width":34,
         "x":0,
         "y":0
        }, 
        {
         "color":"#aa00ff",
         "draworder":"topdown",
         "height":20,
         "name":"Bats Layer",
         "objects":[
                {
                 "height":0,
                 "id":68,
                 "name":"",
                 "properties":
                    {

                    },
                 "rotation":0,
                 "type":"bat",
                 "visible":true,
                 "width":0,
                 "x":368,
                 "y":28
                }],
         "opacity":1,
         "type":"objectgroup",
         "visible":true,
         "width":34,
         "x":0,
         "y":0
        }, 
        {
         "color":"#ff5500",
         "draworder":"topdown",
         "height":20,
         "name":"Fireflies Layer",
         "objects":[
                {
                 "height":0,
                 "id":69,
                 "name":"",
                 "properties":
                    {

                    },
                 "rotation":0,
                 "type":"firefly",
                 "visible":true,
                 "width":0,
                 "x":272,
                 "y":144
                }],
         "opacity":1,
         "type":"objectgroup",
         "visible":true,
         "width":34,
         "x":0,
         "y":0
        }, 
        {
         "color":"#aa5500",
         "draworder":"topdown",
         "height":20,
         "name":"Movable Platforms Layer",
         "objects":[
                {
                 "height":0,
                 "id":70,
                 "name":"",
                 "properties":
                    {
                     "velocityX":"0",
                     "velocityY":"-50"
                    },
                 "rotation":0,
                 "type":"movPlatform",
                 "visible":true,
                 "width":0,
                 "x":56,
                 "y":168
                }, 
                {
                 "height":0,
                 "id":172,
                 "name":"",
                 "properties":
                    {
                     "velocityX":"0",
                     "velocityY":"-50"
                    },
                 "rotation":0,
                 "type":"movPlatform",
                 "visible":true,
                 "width":0,
                 "x":488,
                 "y":168
                }],
         "opacity":1,
         "type":"objectgroup",
         "visible":true,
         "width":34,
         "x":0,
         "y":0
        }, 
        {
         "color":"#555500",
         "draworder":"topdown",
         "height":20,
         "name":"Platform Limits Layer",
         "objects":[
                {
                 "height":0,
                 "id":95,
                 "name":"",
                 "properties":
                    {

                    },
                 "rotation":0,
                 "type":"platformLimit",
                 "visible":true,
                 "width":0,
                 "x":56,
                 "y":276
                }, 
                {
                 "height":0,
                 "id":97,
                 "name":"",
                 "properties":
                    {

                    },
                 "rotation":0,
                 "type":"platformLimit",
                 "visible":true,
                 "width":0,
                 "x":56,
                 "y":68
                }, 
                {
                 "height":0,
                 "id":170,
                 "name":"",
                 "properties":
                    {

                    },
                 "rotation":0,
                 "type":"platformLimit",
                 "visible":true,
                 "width":0,
                 "x":488,
                 "y":276
                }, 
                {
                 "height":0,
                 "id":171,
                 "name":"",
                 "properties":
                    {

                    },
                 "rotation":0,
                 "type":"platformLimit",
                 "visible":true,
                 "width":0,
                 "x":488,
                 "y":68
                }],
         "opacity":1,
         "type":"objectgroup",
         "visible":true,
         "width":34,
         "x":0,
         "y":0
        }],
 "nextobjectid":212,
 "orientation":"orthogonal",
 "properties":
    {

    },
 "renderorder":"right-down",
 "tileheight":16,
 "tilesets":[
        {
         "firstgid":1,
         "image":"..\/tilemap.png",
         "imageheight":112,
         "imagewidth":80,
         "margin":0,
         "name":"tilemap",
         "properties":
            {

            },
         "spacing":0,
         "tileheight":16,
         "tilewidth":16
        }],
 "tilewidth":16,
 "version":1,
 "width":34
}