{ "height":20,
 "layers":[
        {
         "data":[15, 3221225504, 3221225504, 3221225504, 3221225504, 3221225504, 3221225504, 3221225504, 3221225504, 3221225504, 3221225504, 3221225504, 3221225504, 3221225504, 3221225504, 3221225504, 3221225504, 3221225504, 3221225504, 3221225504, 3221225504, 3221225504, 3221225504, 3221225504, 3221225504, 3221225504, 3221225504, 3221225504, 3221225504, 3221225504, 3221225504, 3221225504, 3221225504, 15, 2684354592, 0, 0, 0, 0, 0, 0, 0, 0, 0, 0, 0, 0, 0, 0, 0, 0, 0, 0, 0, 0, 0, 0, 0, 0, 0, 0, 0, 0, 0, 0, 0, 0, 1610612768, 2684354592, 0, 0, 0, 0, 0, 0, 0, 0, 0, 0, 0, 0, 0, 0, 0, 0, 0, 0, 0, 0, 0, 0, 0, 0, 0, 0, 0, 0, 0, 0, 0, 0, 1610612768, 2684354592, 0, 0, 0, 0, 0, 0, 0, 0, 0, 0, 0, 0, 0, 0, 0, 0, 0, 0, 0, 0, 0, 0, 0, 0, 0, 0, 0, 0, 0, 0, 0, 0, 1610612768, 2684354592, 0, 0, 0, 0, 0, 0, 0, 0, 0, 0, 0, 0, 0, 0, 0, 0, 0, 0, 0, 0, 0, 0, 0, 0, 0, 0, 0, 0, 0, 0, 0, 0, 1610612768, 2684354592, 0, 0, 0, 0, 0, 0, 0, 0, 0, 0, 0, 0, 0, 0, 0, 0, 0, 0, 0, 0, 0, 0, 0, 0, 0, 0, 0, 0, 0, 0, 0, 0, 1610612768, 2684354592, 0, 0, 0, 0, 0, 0, 0, 0, 0, 0, 0, 0, 0, 0, 0, 0, 0, 0, 0, 0, 0, 0, 0, 0, 0, 0, 0, 0, 0, 0, 0, 0, 1610612768, 2684354592, 0, 0, 0, 0, 0, 0, 0, 0, 0, 0, 0, 0, 0, 0, 0, 0, 0, 0, 0, 0, 0, 0, 0, 0, 0, 0, 0, 0, 0, 0, 0, 0, 1610612768, 2684354592, 0, 0, 0, 0, 0, 0, 0, 0, 0, 0, 0, 0, 0, 0, 0, 0, 0, 0, 0, 0, 0, 0, 0, 0, 0, 0, 0, 0, 0, 0, 0, 0, 1610612768, 2684354592, 0, 0, 0, 0, 0, 0, 0, 0, 0, 0, 0, 0, 0, 0, 0, 0, 0, 0, 0, 0, 0, 0, 0, 0, 0, 0, 0, 0, 0, 0, 0, 0, 1610612768, 2684354592, 0, 0, 0, 0, 0, 0, 0, 0, 0, 0, 0, 0, 0, 0, 0, 0, 0, 0, 0, 0, 0, 0, 0, 0, 0, 0, 0, 0, 0, 0, 0, 0, 1610612768, 2684354592, 0, 0, 0, 0, 0, 0, 0, 0, 0, 0, 0, 0, 0, 0, 0, 0, 0, 0, 0, 0, 0, 0, 0, 0, 0, 0, 0, 0, 0, 0, 0, 0, 1610612768, 2684354592, 0, 0, 0, 0, 0, 0, 0, 0, 0, 0, 0, 0, 0, 0, 0, 0, 0, 0, 0, 0, 0, 0, 0, 0, 0, 0, 0, 0, 0, 0, 0, 0, 1610612768, 2684354592, 0, 0, 0, 0, 0, 0, 0, 0, 0, 0, 0, 0, 0, 0, 0, 0, 0, 0, 0, 0, 0, 0, 0, 0, 0, 0, 0, 0, 0, 0, 0, 0, 1610612768, 2684354592, 0, 0, 0, 0, 0, 0, 0, 0, 0, 0, 0, 0, 0, 0, 0, 0, 0, 0, 0, 0, 0, 0, 0, 0, 0, 0, 0, 0, 0, 0, 0, 0, 1610612768, 2684354592, 0, 0, 0, 0, 0, 0, 0, 0, 0, 0, 0, 0, 0, 0, 0, 0, 0, 0, 0, 0, 0, 0, 0, 0, 0, 0, 0, 0, 0, 0, 0, 0, 1610612768, 2684354592, 0, 0, 0, 0, 0, 0, 0, 0, 0, 0, 0, 0, 0, 0, 0, 0, 0, 0, 0, 0, 0, 0, 0, 0, 0, 0, 0, 0, 0, 0, 0, 0, 1610612768, 2684354592, 0, 0, 0, 0, 0, 0, 0, 0, 0, 0, 0, 0, 0, 0, 0, 0, 0, 0, 0, 0, 0, 0, 0, 0, 0, 0, 0, 0, 0, 0, 0, 0, 1610612768, 2684354592, 0, 0, 0, 0, 0, 0, 0, 0, 0, 0, 0, 0, 0, 0, 0, 0, 0, 0, 0, 0, 0, 0, 0, 0, 0, 0, 0, 0, 0, 0, 0, 0, 1610612768, 15, 32, 32, 32, 32, 32, 32, 32, 32, 32, 32, 32, 32, 32, 32, 32, 32, 32, 32, 32, 32, 32, 32, 32, 32, 32, 32, 32, 32, 32, 32, 32, 32, 15],
         "height":20,
         "name":"Background",
         "opacity":1,
         "type":"tilelayer",
         "visible":true,
         "width":34,
         "x":0,
         "y":0
        }, 
        {
         "color":"#ffc905",
         "draworder":"topdown",
         "height":20,
         "name":"Coins Layer",
         "objects":[
                {
                 "height":0,
                 "id":40,
                 "name":"",
                 "properties":
                    {

                    },
                 "rotation":0,
                 "type":"coin",
                 "visible":true,
                 "width":0,
                 "x":280,
                 "y":228
                }, 
                {
                 "height":0,
                 "id":41,
                 "name":"",
                 "properties":
                    {

                    },
                 "rotation":0,
                 "type":"coin",
                 "visible":true,
                 "width":0,
                 "x":160,
                 "y":228
                }, 
                {
                 "height":0,
                 "id":44,
                 "name":"",
                 "properties":
                    {

                    },
                 "rotation":0,
                 "type":"coin",
                 "visible":true,
                 "width":0,
                 "x":400,
                 "y":228
                }],
         "opacity":1,
         "type":"objectgroup",
         "visible":true,
         "width":34,
         "x":0,
         "y":0
        }, 
        {
         "draworder":"topdown",
         "height":20,
         "name":"Spikes Layer",
         "objects":[
                {
                 "height":0,
                 "id":62,
                 "name":"",
                 "properties":
                    {
                     "flipped":"0"
                    },
                 "rotation":0,
                 "type":"spike",
                 "visible":true,
                 "width":0,
                 "x":272,
                 "y":300
                }, 
                {
                 "height":0,
                 "id":63,
                 "name":"",
                 "properties":
                    {
                     "flipped":"0"
                    },
                 "rotation":0,
                 "type":"spike",
                 "visible":true,
                 "width":0,
                 "x":288,
                 "y":300
                }, 
                {
                 "height":0,
                 "id":68,
                 "name":"",
                 "properties":
                    {
                     "flipped":"0"
                    },
                 "rotation":0,
                 "type":"spike",
                 "visible":true,
                 "width":0,
                 "x":152,
                 "y":300
                }, 
                {
                 "height":0,
                 "id":69,
                 "name":"",
                 "properties":
                    {
                     "flipped":"0"
                    },
                 "rotation":0,
                 "type":"spike",
                 "visible":true,
                 "width":0,
                 "x":168,
                 "y":300
                }, 
                {
                 "height":0,
                 "id":71,
                 "name":"",
                 "properties":
                    {
                     "flipped":"0"
                    },
                 "rotation":0,
                 "type":"spike",
                 "visible":true,
                 "width":0,
                 "x":392,
                 "y":300
                }, 
                {
                 "height":0,
                 "id":72,
                 "name":"",
                 "properties":
                    {
                     "flipped":"0"
                    },
                 "rotation":0,
                 "type":"spike",
                 "visible":true,
                 "width":0,
                 "x":408,
                 "y":300
                }],
         "opacity":1,
         "type":"objectgroup",
         "visible":true,
         "width":34,
         "x":0,
         "y":0
        }, 
        {
         "color":"#ff0000",
         "draworder":"topdown",
         "height":20,
         "name":"Player Treasure Layer",
         "objects":[
                {
                 "height":0,
                 "id":45,
                 "name":"P",
                 "properties":
                    {

                    },
                 "rotation":0,
                 "type":"player",
                 "visible":true,
                 "width":0,
                 "x":56,
                 "y":288
                }, 
                {
                 "height":0,
                 "id":49,
                 "name":"T",
                 "properties":
                    {

                    },
                 "rotation":0,
                 "type":"treasureChest",
                 "visible":true,
                 "width":0,
                 "x":56,
                 "y":276
                }],
         "opacity":1,
         "type":"objectgroup",
         "visible":true,
         "width":34,
         "x":0,
         "y":0
        }, 
        {
         "color":"#ffffff",
         "draworder":"topdown",
         "height":20,
         "name":"Rocks Layer",
         "objects":[
                {
                 "height":8,
                 "id":74,
                 "name":"",
                 "properties":
                    {

                    },
                 "rotation":0,
                 "type":"rock",
                 "visible":true,
                 "width":16,
                 "x":500,
                 "y":300
                }],
         "opacity":1,
         "type":"objectgroup",
         "visible":true,
         "width":34,
         "x":0,
         "y":0
        }, 
        {
         "color":"#aa00ff",
         "draworder":"topdown",
         "height":20,
         "name":"Bats Layer",
         "objects":[
                {
                 "height":0,
                 "id":77,
                 "name":"",
                 "properties":
                    {

                    },
                 "rotation":0,
                 "type":"bat",
                 "visible":true,
                 "width":0,
                 "x":280,
                 "y":28
                }],
         "opacity":1,
         "type":"objectgroup",
         "visible":true,
         "width":34,
         "x":0,
         "y":0
        }, 
        {
         "color":"#ff5500",
         "draworder":"topdown",
         "height":20,
         "name":"Fireflies Layer",
         "objects":[
                {
                 "height":0,
                 "id":78,
                 "name":"",
                 "properties":
                    {

                    },
                 "rotation":0,
                 "type":"firefly",
                 "visible":true,
                 "width":0,
                 "x":496,
                 "y":272
                }],
         "opacity":1,
         "type":"objectgroup",
         "visible":true,
         "width":34,
         "x":0,
         "y":0
        }],
 "nextobjectid":79,
 "orientation":"orthogonal",
 "properties":
    {

    },
 "renderorder":"right-down",
 "tileheight":16,
 "tilesets":[
        {
         "firstgid":1,
         "image":"..\/tilemap.png",
         "imageheight":112,
         "imagewidth":80,
         "margin":0,
         "name":"tilemap",
         "properties":
            {

            },
         "spacing":0,
         "tileheight":16,
         "tilewidth":16
        }],
 "tilewidth":16,
 "version":1,
 "width":34
}