{ "height":20,
 "layers":[
        {
         "data":[15, 3221225504, 3221225504, 3221225504, 3221225504, 3221225504, 3221225504, 3221225504, 3221225504, 3221225504, 3221225504, 3221225504, 3221225504, 3221225504, 3221225504, 3221225504, 3221225504, 3221225504, 3221225504, 3221225504, 3221225504, 3221225504, 3221225504, 3221225504, 3221225504, 3221225504, 3221225504, 3221225504, 3221225504, 3221225504, 3221225504, 3221225504, 3221225504, 15, 2684354592, 0, 0, 0, 0, 0, 0, 0, 0, 0, 0, 0, 0, 0, 0, 0, 0, 0, 0, 0, 0, 0, 0, 0, 0, 0, 0, 0, 0, 0, 0, 0, 0, 1610612768, 2684354592, 0, 0, 0, 0, 0, 0, 0, 0, 0, 0, 0, 0, 0, 0, 0, 0, 0, 0, 0, 0, 0, 0, 0, 0, 0, 0, 0, 0, 0, 0, 0, 0, 1610612768, 2684354592, 0, 0, 0, 0, 0, 0, 0, 0, 0, 0, 0, 0, 0, 0, 0, 0, 0, 0, 0, 0, 0, 0, 0, 0, 0, 0, 0, 0, 0, 0, 0, 0, 1610612768, 2684354592, 0, 0, 0, 0, 0, 0, 0, 0, 0, 0, 0, 0, 0, 0, 0, 0, 0, 0, 0, 0, 0, 0, 0, 0, 0, 0, 0, 0, 0, 0, 0, 0, 1610612768, 2684354592, 0, 0, 0, 0, 0, 0, 0, 0, 0, 0, 0, 0, 0, 0, 0, 0, 0, 0, 0, 0, 0, 0, 0, 0, 0, 0, 0, 0, 0, 0, 0, 0, 1610612768, 15, 2684354570, 2684354570, 2684354570, 1610612749, 0, 0, 0, 0, 0, 0, 0, 0, 0, 0, 0, 0, 0, 0, 0, 0, 0, 0, 0, 0, 0, 0, 0, 0, 2684354573, 1610612746, 1610612746, 1610612746, 3221225487, 2684354592, 0, 0, 0, 0, 0, 0, 0, 0, 0, 0, 0, 0, 0, 0, 0, 0, 0, 0, 0, 0, 0, 0, 0, 0, 0, 0, 0, 0, 0, 0, 0, 0, 1610612768, 2684354592, 0, 0, 0, 0, 0, 0, 0, 0, 0, 0, 0, 0, 0, 0, 0, 0, 0, 0, 0, 0, 0, 0, 0, 0, 0, 0, 0, 0, 0, 0, 0, 0, 1610612768, 2684354592, 0, 0, 0, 0, 0, 0, 0, 0, 0, 0, 0, 0, 0, 0, 0, 0, 0, 0, 0, 0, 0, 0, 0, 0, 0, 0, 0, 0, 0, 0, 0, 0, 1610612768, 2684354592, 0, 0, 0, 0, 0, 0, 0, 0, 0, 0, 0, 0, 3221225485, 0, 0, 0, 0, 0, 0, 3221225485, 0, 0, 0, 0, 0, 0, 0, 0, 0, 0, 0, 0, 1610612768, 2684354592, 0, 0, 0, 0, 0, 0, 0, 0, 0, 0, 0, 0, 1610612737, 2684354570, 2684354570, 2684354570, 2684354570, 2684354570, 2684354570, 3221225473, 0, 0, 0, 0, 0, 0, 0, 0, 0, 0, 0, 0, 1610612768, 2684354592, 0, 0, 0, 0, 0, 0, 0, 0, 0, 0, 0, 0, 0, 0, 0, 0, 0, 0, 0, 0, 0, 0, 0, 0, 0, 0, 0, 0, 0, 0, 0, 0, 1610612768, 2684354592, 0, 0, 0, 0, 0, 0, 0, 0, 0, 0, 0, 0, 0, 0, 0, 0, 0, 0, 0, 0, 0, 0, 0, 0, 0, 0, 0, 0, 0, 0, 0, 0, 1610612768, 15, 2684354570, 2684354570, 2684354570, 1610612749, 0, 0, 0, 0, 0, 0, 0, 0, 0, 0, 0, 0, 0, 0, 0, 0, 0, 0, 0, 0, 0, 0, 0, 0, 2684354573, 2684354570, 1610612746, 1610612746, 3221225487, 2684354592, 0, 0, 0, 0, 0, 0, 0, 0, 0, 0, 0, 0, 0, 0, 0, 0, 0, 0, 0, 0, 0, 0, 0, 0, 0, 0, 0, 0, 0, 0, 0, 0, 1610612768, 2684354592, 0, 0, 0, 0, 0, 0, 0, 0, 2684354573, 2684354570, 2684354570, 1610612749, 0, 0, 0, 0, 0, 0, 0, 0, 2684354573, 2684354570, 2684354570, 1610612749, 0, 0, 0, 0, 0, 0, 0, 0, 1610612768, 2684354592, 0, 0, 0, 0, 0, 0, 0, 0, 0, 0, 0, 0, 0, 0, 0, 0, 0, 0, 0, 0, 0, 0, 0, 0, 0, 0, 0, 0, 0, 0, 0, 0, 1610612768, 2684354592, 0, 0, 0, 0, 0, 0, 0, 0, 0, 0, 0, 0, 0, 0, 0, 0, 0, 0, 0, 0, 0, 0, 0, 0, 0, 0, 0, 0, 0, 0, 0, 0, 1610612768, 15, 32, 32, 32, 32, 32, 32, 32, 32, 32, 32, 32, 32, 32, 32, 32, 32, 32, 32, 32, 32, 32, 32, 32, 32, 32, 32, 32, 32, 32, 32, 32, 32, 15],
         "height":20,
         "name":"Background",
         "opacity":1,
         "type":"tilelayer",
         "visible":true,
         "width":34,
         "x":0,
         "y":0
        }, 
        {
         "color":"#ffc905",
         "draworder":"topdown",
         "height":20,
         "name":"Coins Layer",
         "objects":[
                {
                 "height":0,
                 "id":121,
                 "name":"",
                 "properties":
                    {

                    },
                 "rotation":0,
                 "type":"coin",
                 "visible":true,
                 "width":0,
                 "x":488,
                 "y":196
                }, 
                {
                 "height":0,
                 "id":122,
                 "name":"",
                 "properties":
                    {

                    },
                 "rotation":0,
                 "type":"coin",
                 "visible":true,
                 "width":0,
                 "x":56,
                 "y":196
                }, 
                {
                 "height":0,
                 "id":123,
                 "name":"",
                 "properties":
                    {

                    },
                 "rotation":0,
                 "type":"coin",
                 "visible":true,
                 "width":0,
                 "x":296,
                 "y":148
                }, 
                {
                 "height":0,
                 "id":124,
                 "name":"",
                 "properties":
                    {

                    },
                 "rotation":0,
                 "type":"coin",
                 "visible":true,
                 "width":0,
                 "x":248,
                 "y":148
                }, 
                {
                 "height":0,
                 "id":125,
                 "name":"",
                 "properties":
                    {

                    },
                 "rotation":0,
                 "type":"coin",
                 "visible":true,
                 "width":0,
                 "x":272,
                 "y":116
                }, 
                {
                 "height":0,
                 "id":126,
                 "name":"",
                 "properties":
                    {

                    },
                 "rotation":0,
                 "type":"coin",
                 "visible":true,
                 "width":0,
                 "x":56,
                 "y":148
                }, 
                {
                 "height":0,
                 "id":127,
                 "name":"",
                 "properties":
                    {

                    },
                 "rotation":0,
                 "type":"coin",
                 "visible":true,
                 "width":0,
                 "x":488,
                 "y":148
                }, 
                {
                 "height":0,
                 "id":128,
                 "name":"",
                 "properties":
                    {

                    },
                 "rotation":0,
                 "type":"coin",
                 "visible":true,
                 "width":0,
                 "x":488,
                 "y":68
                }, 
                {
                 "height":0,
                 "id":129,
                 "name":"",
                 "properties":
                    {

                    },
                 "rotation":0,
                 "type":"coin",
                 "visible":true,
                 "width":0,
                 "x":56,
                 "y":72
                }, 
                {
                 "height":0,
                 "id":130,
                 "name":"",
                 "properties":
                    {

                    },
                 "rotation":0,
                 "type":"coin",
                 "visible":true,
                 "width":0,
                 "x":368,
                 "y":228
                }, 
                {
                 "height":0,
                 "id":131,
                 "name":"",
                 "properties":
                    {

                    },
                 "rotation":0,
                 "type":"coin",
                 "visible":true,
                 "width":0,
                 "x":176,
                 "y":228
                }],
         "opacity":1,
         "type":"objectgroup",
         "visible":true,
         "width":34,
         "x":0,
         "y":0
        }, 
        {
         "draworder":"topdown",
         "height":20,
         "name":"Spikes Layer",
         "objects":[
                {
                 "height":0,
                 "id":98,
                 "name":"",
                 "properties":
                    {
                     "flipped":"270"
                    },
                 "rotation":0,
                 "type":"spike",
                 "visible":true,
                 "width":0,
                 "x":524,
                 "y":296
                }, 
                {
                 "height":0,
                 "id":101,
                 "name":"",
                 "properties":
                    {
                     "flipped":"90"
                    },
                 "rotation":0,
                 "type":"spike",
                 "visible":true,
                 "width":0,
                 "x":20,
                 "y":296
                }, 
                {
                 "height":0,
                 "id":132,
                 "name":"",
                 "properties":
                    {
                     "flipped":"90"
                    },
                 "rotation":0,
                 "type":"spike",
                 "visible":true,
                 "width":0,
                 "x":20,
                 "y":88
                }, 
                {
                 "height":0,
                 "id":133,
                 "name":"",
                 "properties":
                    {
                     "flipped":"270"
                    },
                 "rotation":0,
                 "type":"spike",
                 "visible":true,
                 "width":0,
                 "x":524,
                 "y":88
                }],
         "opacity":1,
         "type":"objectgroup",
         "visible":true,
         "width":34,
         "x":0,
         "y":0
        }, 
        {
         "color":"#ff0000",
         "draworder":"topdown",
         "height":20,
         "name":"Player Treasure Layer",
         "objects":[
                {
                 "height":0,
                 "id":45,
                 "name":"P",
                 "properties":
                    {

                    },
                 "rotation":0,
                 "type":"player",
                 "visible":true,
                 "width":0,
                 "x":88,
                 "y":288
                }, 
                {
                 "height":0,
                 "id":49,
                 "name":"T",
                 "properties":
                    {

                    },
                 "rotation":0,
                 "type":"treasureChest",
                 "visible":true,
                 "width":0,
                 "x":272,
                 "y":244
                }],
         "opacity":1,
         "type":"objectgroup",
         "visible":true,
         "width":34,
         "x":0,
         "y":0
        }, 
        {
         "color":"#ffffff",
         "draworder":"topdown",
         "height":20,
         "name":"Rocks Layer",
         "objects":[
                {
                 "height":8,
                 "id":67,
                 "name":"",
                 "properties":
                    {

                    },
                 "rotation":0,
                 "type":"rock",
                 "visible":true,
                 "width":16,
                 "x":296,
                 "y":300
                }],
         "opacity":1,
         "type":"objectgroup",
         "visible":true,
         "width":34,
         "x":0,
         "y":0
        }, 
        {
         "color":"#aa00ff",
         "draworder":"topdown",
         "height":20,
         "name":"Bats Layer",
         "objects":[
                {
                 "height":0,
                 "id":68,
                 "name":"",
                 "properties":
                    {

                    },
                 "rotation":0,
                 "type":"bat",
                 "visible":true,
                 "width":0,
                 "x":52,
                 "y":252
                }],
         "opacity":1,
         "type":"objectgroup",
         "visible":true,
         "width":34,
         "x":0,
         "y":0
        }, 
        {
         "color":"#ff5500",
         "draworder":"topdown",
         "height":20,
         "name":"Fireflies Layer",
         "objects":[
                {
                 "height":0,
                 "id":69,
                 "name":"",
                 "properties":
                    {

                    },
                 "rotation":0,
                 "type":"firefly",
                 "visible":true,
                 "width":0,
                 "x":340,
                 "y":56
                }],
         "opacity":1,
         "type":"objectgroup",
         "visible":true,
         "width":34,
         "x":0,
         "y":0
        }, 
        {
         "color":"#aa5500",
         "draworder":"topdown",
         "height":20,
         "name":"Movable Platforms Layer",
         "objects":[
                {
                 "height":0,
                 "id":70,
                 "name":"",
                 "properties":
                    {
                     "velocityX":"50",
                     "velocityY":"0"
                    },
                 "rotation":0,
                 "type":"movPlatform",
                 "visible":true,
                 "width":0,
                 "x":456,
                 "y":168
                }, 
                {
                 "height":0,
                 "id":107,
                 "name":"",
                 "properties":
                    {
                     "velocityX":"-50",
                     "velocityY":"0"
                    },
                 "rotation":0,
                 "type":"movPlatform",
                 "visible":true,
                 "width":0,
                 "x":88,
                 "y":168
                }],
         "opacity":1,
         "type":"objectgroup",
         "visible":true,
         "width":34,
         "x":0,
         "y":0
        }, 
        {
         "color":"#555500",
         "draworder":"topdown",
         "height":20,
         "name":"Platform Limits Layer",
         "objects":[
                {
                 "height":0,
                 "id":71,
                 "name":"",
                 "properties":
                    {

                    },
                 "rotation":0,
                 "type":"platformLimit",
                 "visible":true,
                 "width":0,
                 "x":536,
                 "y":168
                }, 
                {
                 "height":0,
                 "id":104,
                 "name":"",
                 "properties":
                    {

                    },
                 "rotation":0,
                 "type":"platformLimit",
                 "visible":true,
                 "width":0,
                 "x":8,
                 "y":168
                }, 
                {
                 "height":0,
                 "id":105,
                 "name":"",
                 "properties":
                    {

                    },
                 "rotation":0,
                 "type":"platformLimit",
                 "visible":true,
                 "width":0,
                 "x":216,
                 "y":168
                }, 
                {
                 "height":0,
                 "id":108,
                 "name":"",
                 "properties":
                    {

                    },
                 "rotation":0,
                 "type":"platformLimit",
                 "visible":true,
                 "width":0,
                 "x":328,
                 "y":168
                }],
         "opacity":1,
         "type":"objectgroup",
         "visible":true,
         "width":34,
         "x":0,
         "y":0
        }],
 "nextobjectid":134,
 "orientation":"orthogonal",
 "properties":
    {

    },
 "renderorder":"right-down",
 "tileheight":16,
 "tilesets":[
        {
         "firstgid":1,
         "image":"..\/tilemap.png",
         "imageheight":112,
         "imagewidth":80,
         "margin":0,
         "name":"tilemap",
         "properties":
            {

            },
         "spacing":0,
         "tileheight":16,
         "tilewidth":16
        }],
 "tilewidth":16,
 "version":1,
 "width":34
}